id,name,year,classification,runtime,genres,budget,opening_weekend,gross_na,gross_g,release_date,gross_tw,gross_cn,gross_hk,gross_my,gross_sg,gross_xndom
tt1375666,Inception (2010),(2010),PG-13,148min,"Action,Adventure,Sci-Fi","$160,000,000","$62,785,337","$292,576,195","$829,895,144",Release Date: 16 July 2010 (Taiwan),"5,370,400","68,445,823","7,530,191","2,093,461","4,089,506","537,318,949"
tt1228705,Iron Man 2 (2010),(2010),PG-13,124min,"Action,Adventure,Sci-Fi","$200,000,000","$128,122,480","$312,433,331","$623,933,331",Release Date: 29 April 2010 (Taiwan),"4,036,495","7,919,827","3,760,485","4,642,633","4,194,650","311,500,000"
tt0446029,Scott Pilgrim vs. the World (2010),(2010),PG-13,112min,"Action,Comedy,Fantasy","$60,000,000","$10,609,795","$31,524,275","$47,664,559",Release Date: 13 August 2010 (USA),0,0,0,0,0,"16,140,284"
tt1130884,Shutter Island (2010),(2010),R,138min,"Mystery,Thriller","$80,000,000","$41,062,440","$128,012,934","$294,804,195",Also Known As: La isla siniestra,"827,726",0,"919,463","333,572","760,168","166,791,261"
tt0800320,Clash of the Titans (2010),(2010),PG-13,106min,"Action,Adventure,Fantasy","$125,000,000","$61,235,105","$163,214,888","$493,214,993",Release Date: 1 April 2010 (Taiwan),"1,203,978",0,"2,777,427","3,909,530","3,945,289","330,000,105"
tt0947798,Black Swan (2010),(2010),R,108min,"Drama,Thriller","$13,000,000","$1,443,809","$106,954,678","$329,398,046",Release Date: 17 December 2010 (USA),"2,789,220",0,"2,435,723","293,467","974,372","222,443,368"
tt1591095,Insidious (I) (2010),(I),PG-13,103min,"Horror,Mystery,Thriller","$1,500,000","$13,271,464","$54,009,150","$97,009,150",Release Date: 1 April 2011 (USA),"526,335",0,"477,103","342,729","312,757","43,000,000"
tt1250777,Kick-Ass (2010),(2010),R,117min,"Action,Comedy","$30,000,000","$19,828,687","$48,071,303","$96,188,903",Release Date: 16 April 2010 (Taiwan),"809,749",0,"681,270","315,536","684,260","48,117,600"
tt0892769,How to Train Your Dragon (2010),(2010),PG,98min,"Animation,Action,Adventure","$165,000,000","$43,732,319","$217,581,231","$494,878,759",Release Date: 26 March 2010 (Taiwan),"912,817",0,"1,339,234","1,664,138","2,968,823","277,297,528"
tt1104001,TRON: Legacy (2010),(2010),PG,125min,"Action,Adventure,Fantasy","$170,000,000","$44,026,211","$172,062,763","$400,062,763",Release Date: 24 December 2010 (Taiwan),"1,353,793","18,889,822","1,957,178","3,128,368","2,019,304","228,000,000"
tt0435761,Toy Story 3 (2010),(2010),G,103min,"Animation,Adventure,Comedy","$200,000,000","$110,307,189","$415,004,880","$1,066,969,703",Release Date: 16 June 2010 (Taiwan),"3,307,916",0,"11,502,338","2,812,540","3,155,072","651,964,823"
tt1273235,A Serbian Film (2010),(2010),NC-17,104min,"Horror,Mystery,Thriller",,,,"$1,541",Release Date: 21 January 2012 (Japan),0,0,0,0,0,"1,541"
tt1458175,The Next Three Days (2010),(2010),PG-13,133min,"Action,Crime,Drama","$30,000,000","$6,542,779","$21,148,651","$67,448,651",Also Known As: Los próximos tres días,"588,853",0,"458,314","307,454","382,482","46,300,000"
tt1285016,The Social Network (2010),(2010),PG-13,120min,"Biography,Drama","$40,000,000","$22,445,653","$96,962,694","$224,920,315",Release Date: 5 November 2010 (Taiwan),"516,336",0,"629,366","356,320","851,214","127,957,621"
tt0926084,Harry Potter and the Deathly Hallows: Part 1 (2010),(2010),PG-13,146min,"Adventure,Fantasy,Mystery","£150,000,000","$125,017,372","$296,347,721","$1,049,094,671",Release Date: 19 November 2010 (Taiwan),"3,215,663","33,250,471","5,771,812","3,561,688","4,546,240","752,746,949"
tt1375670,Grown Ups (I) (2010),(I),PG-13,102min,Comedy,"$80,000,000","$40,506,562","$162,001,186","$271,430,189",Release Date: 15 October 2010 (Taiwan),"252,773",0,"278,246","770,022","997,939","109,429,003"
tt1231587,Hot Tub Time Machine (2010),(2010),R,101min,"Comedy,Sci-Fi","$36,000,000","$14,020,502","$50,287,556","$64,616,723",Release Date: 8 May 2010 (Taiwan),"88,954",0,"118,839",0,"117,101","14,329,167"
tt1038686,Legion (2010),(2010),R,100min,"Action,Fantasy,Horror","$26,000,000","$17,501,625","$40,168,080","$67,918,658",Release Date: 16 April 2010 (Taiwan),"164,757",0,"297,993","1,181,038","476,098","27,750,578"
tt1403981,Remember Me (2010),(2010),PG-13,113min,"Drama,Romance","$16,000,000","$8,089,139","$19,068,240","$56,032,889",Release Date: 26 March 2010 (Taiwan),"124,326",0,"318,739","71,301","157,706","36,964,649"
tt0398286,Tangled (2010),(2010),PG,100min,"Animation,Adventure,Comedy","$260,000,000","$48,767,052","$200,821,936","$591,794,936",Release Date: 3 February 2011 (Taiwan),"764,794",0,"1,898,944","3,000,230","3,031,106","390,973,000"
tt1403865,True Grit (2010),(2010),PG-13,110min,"Adventure,Drama,Western","$38,000,000","$24,830,443","$171,243,005","$252,276,927",Release Date: 25 February 2011 (Taiwan),"105,975",0,"141,839","39,977","166,534","81,033,922"
tt0840361,The Town (2010),(2010),R,125min,"Crime,Drama,Thriller","$37,000,000","$23,808,032","$92,186,262","$154,026,136",Release Date: 17 September 2010 (USA),"365,770",0,"219,325",0,"461,925","61,839,874"
tt1014759,Alice in Wonderland (I) (2010),(I),PG,108min,"Adventure,Family,Fantasy","$200,000,000","$116,101,023","$334,191,110","$1,025,467,110",Release Date: 5 March 2010 (Taiwan),"2,442,366",0,"5,681,087","3,633,080","3,319,768","691,276,000"
tt1325004,The Twilight Saga: Eclipse (2010),(2010),PG-13,124min,"Adventure,Drama,Fantasy","$68,000,000","$64,832,191","$300,531,751","$698,491,347",Release Date: 30 June 2010 (Taiwan),"1,859,934",0,"2,054,004","2,186,400","2,073,433","397,959,596"
tt1282140,Easy A (2010),(2010),PG-13,92min,"Comedy,Drama,Romance","$8,000,000","$17,734,040","$58,401,464","$74,952,305",Release Date: 17 September 2010 (USA),0,0,0,0,"219,286","16,550,841"
tt0814255,Percy Jackson & the Olympians: The Lightning Thief (2010),(2010),PG,118min,"Adventure,Family,Fantasy","$95,000,000","$31,236,067","$88,768,303","$226,497,209",Release Date: 12 February 2010 (Taiwan),"1,180,488",0,"2,010,674","2,023,441","2,101,203","137,728,906"
tt0758752,Love & Other Drugs (2010),(2010),R,112min,"Comedy,Drama,Romance","$30,000,000","$9,739,161","$32,367,005","$102,820,008",Release Date: 24 November 2010 (USA),"1,646,300",0,"1,174,486","145,975","736,397","70,453,003"
tt1424381,Predators (2010),(2010),R,107min,"Action,Adventure,Sci-Fi","$40,000,000","$24,760,882","$52,000,688","$127,233,108",Release Date: 9 July 2010 (Taiwan),"213,235",0,"1,487,313","1,885,217","899,350","75,232,420"
tt1242432,I Spit on Your Grave (2010),(2010),R,108min,"Horror,Thriller","$2,000,000","$32,440","$93,051","$572,809",Also Known As: Dulce venganza,0,0,0,0,"42,535","479,758"
tt0938283,The Last Airbender (2010),(2010),PG,103min,"Action,Adventure,Family","$150,000,000","$40,325,019","$131,772,187","$319,713,881",Also Known As: El último maestro del aire,"428,793","4,527,705","650,455","2,542,932","2,015,668","187,941,694"
tt0427152,Dinner for Schmucks (2010),(2010),PG-13,114min,Comedy,"$69,000,000","$23,527,839","$73,026,337","$86,855,739",Also Known As: The Dinner,0,0,0,"135,527","127,180","13,829,402"
tt1386588,The Other Guys (2010),(2010),PG-13,107min,"Action,Comedy,Crime","$100,000,000","$35,543,162","$119,219,978","$170,432,927",Release Date: 6 August 2010 (USA),0,0,0,"880,971","672,813","51,212,949"
tt1504320,The King's Speech (2010),(2010),R,118min,"Biography,Drama,History","$15,000,000","$355,450","$138,797,449","$414,242,458",Release Date: 4 March 2011 (Taiwan),"1,670,607",0,"1,313,009","112,194","564,254","275,445,009"
tt1037705,The Book of Eli (2010),(2010),R,118min,"Action,Adventure,Drama","$80,000,000","$32,789,494","$94,835,059","$157,107,755",Release Date: 12 February 2010 (Taiwan),"519,389",0,0,"692,387","384,884","62,272,696"
tt0480255,The Losers (I) (2010),(I),PG-13,97min,"Action,Adventure,Crime","$25,000,000","$9,406,348","$23,591,432","$29,379,723",Release Date: 18 June 2010 (Taiwan),0,0,0,"521,529","399,546","5,788,291"
tt1228987,Let Me In (I) (2010),(I),R,116min,"Drama,Fantasy,Horror","$20,000,000","$5,147,479","$12,134,935","$24,145,613",Also Known As: Déjame entrar,"65,487",0,"1,074,556","209,462","262,086","12,010,678"
tt0955308,Robin Hood (2010),(2010),PG-13,140min,"Action,Adventure,Drama","$200,000,000","$36,063,385","$105,269,730","$321,669,741",Release Date: 14 May 2010 (Taiwan),"638,296",0,"800,948","1,363,204","1,178,210","216,400,011"
tt0815236,She's Out of My League (2010),(2010),R,104min,"Comedy,Romance","$20,000,000","$9,775,278","$32,010,860","$49,779,728",Release Date: 11 June 2010 (Taiwan),"63,885",0,0,"96,063","240,213","17,768,868"
tt0473075,Prince of Persia: The Sands of Time (2010),(2010),PG-13,116min,"Action,Adventure,Fantasy","$200,000,000","$30,095,259","$90,759,676","$336,365,676",Release Date: 28 May 2010 (Taiwan),"949,135",0,"1,826,520","3,848,629","2,144,409","245,606,000"
tt1255953,Incendies (2010),(2010),R,131min,"Drama,Mystery,War","$6,800,000","$50,679","$2,071,334","$3,548,768",Release Date: 19 March 2011 (Taiwan),"44,197",0,"39,330",0,"24,207","1,477,434"
tt0817177,Flipped (I) (2010),(I),PG,90min,"Comedy,Drama,Romance","$14,000,000","$224,233","$1,755,212","$4,225,921",Release Date: 10 September 2010 (USA),0,0,0,0,0,"2,470,709"
tt1120985,Blue Valentine (2010),(2010),R,112min,"Drama,Romance","$1,000,000","$193,728","$9,706,328","$12,903,649",Release Date: 11 March 2011 (Taiwan),"26,658",0,"110,596",0,0,"3,197,321"
tt1323594,Despicable Me (2010),(2010),PG,95min,"Animation,Comedy,Family","$69,000,000","$56,397,125","$251,513,985","$543,113,985",Release Date: 23 July 2010 (Taiwan),"1,149,907",0,"1,488,651","1,230,633","2,917,270","291,600,000"
tt0980970,The Chronicles of Narnia: The Voyage of the Dawn Treader (2010),(2010),PG,113min,"Adventure,Family,Fantasy","$155,000,000","$24,005,069","$104,386,950","$415,686,217",Release Date: 3 December 2010 (Taiwan),"1,012,048","18,569,138","3,355,051","4,266,217","2,806,014","311,299,267"
tt1245526,RED (2010),(2010),PG-13,111min,"Action,Comedy,Crime","$58,000,000","$21,761,408","$90,380,162","$199,006,387",Release Date: 16 October 2010 (Taiwan),"986,414",0,"514,548","903,153","700,549","108,626,225"
tt1399683,Winter's Bone (2010),(2010),R,100min,"Drama,Mystery","$2,000,000","$84,797","$6,531,503","$13,796,834",Release Date: 11 March 2011 (Taiwan),0,0,0,"18,144","18,900","7,265,331"
tt0429493,The A-Team (2010),(2010),PG-13,117min,"Action,Adventure,Thriller","$110,000,000","$25,669,455","$77,222,099","$177,238,796",Release Date: 10 June 2010 (Taiwan),"1,556,685",0,"1,480,139","1,602,565","1,135,166","100,016,697"
tt1261945,Sex and the City 2 (2010),(2010),R,146min,"Comedy,Drama,Romance","$100,000,000","$31,001,870","$95,347,692","$288,347,692",Release Date: 27 May 2010 (USA),"1,098,335",0,"1,380,942","293,810","1,219,541","193,000,000"
tt1155076,The Karate Kid (2010),(2010),PG,140min,"Action,Drama,Family","$40,000,000","$55,665,805","$176,591,618","$359,126,022",Release Date: 11 June 2010 (USA),0,0,"170,211","4,226,969","3,345,747","182,534,404"
tt1126591,Burlesque (I) (2010),(I),PG-13,119min,"Drama,Music,Musical","$55,000,000","$11,947,744","$39,440,655","$89,519,773",Release Date: 1 January 2011 (Taiwan),"3,443,045",0,"204,596","282,182",0,"50,079,118"
tt1001526,Megamind (2010),(2010),PG,95min,"Animation,Action,Comedy","$130,000,000","$46,016,833","$148,415,853","$321,885,765",Release Date: 3 December 2010 (Taiwan),"528,594",0,"998,360","1,586,482","2,511,869","173,469,912"
tt1512235,Super (I) (2010),(I),R,96min,"Action,Comedy,Drama","$2,500,000","$46,549","$327,716","$422,618",Also Known As: Super - Attento crimine!!!,0,0,0,0,0,"94,902"
tt0964517,The Fighter (I) (2010),(I),R,116min,"Biography,Drama,Sport","$25,000,000","$300,010","$93,617,009","$129,190,869",Release Date: 18 February 2011 (Taiwan),"109,142",0,"116,043","112,358","379,631","35,573,860"
tt1320253,The Expendables (2010),(2010),R,103min,"Action,Adventure,Thriller","$80,000,000","$34,825,135","$103,068,524","$274,470,394",Release Date: 13 August 2010 (Taiwan),"1,229,496","31,778,656","1,358,280","2,125,236","1,371,833","171,401,870"
tt1542344,127 Hours (2010),(2010),R,94min,"Adventure,Biography,Drama","$18,000,000","$264,851","$18,335,230","$60,738,797",Release Date: 7 January 2011 (UK),"374,441",0,"873,239","356,996","518,989","42,403,567"
tt0464154,Piranha 3D (2010),(2010),R,88min,"Comedy,Horror","$24,000,000","$10,106,872","$25,003,155","$83,188,165",Release Date: 28 August 2010 (Taiwan),"1,238,639",0,"1,230,354","2,120,514","357,605","58,185,010"
tt1588170,I Saw the Devil (2010),(2010),NotRated,142min,"Action,Crime,Drama",,"$13,567","$129,210","$12,994,090",Release Date: 30 October 2010 (Taiwan),"6,445",0,"11,797",0,"24,707","12,864,880"
tt0817230,Valentine's Day (I) (2010),(I),PG-13,125min,"Comedy,Romance","$52,000,000","$56,260,707","$110,485,654","$216,485,654",Release Date: 12 February 2010 (Taiwan),"560,927",0,"1,180,734","525,404","1,085,569","106,000,000"
tt0985694,Machete (2010),(2010),R,105min,"Action,Crime,Thriller","$10,500,000","$11,416,164","$26,593,646","$44,093,316",Release Date: 3 September 2010 (USA),0,0,0,0,0,"17,499,670"
tt0780653,The Wolfman (2010),(2010),R,103min,"Drama,Fantasy,Horror","$150,000,000","$31,479,235","$61,979,680","$139,789,765",Release Date: 12 February 2010 (Taiwan),"346,004",0,"401,606","1,313,991","628,198","77,810,085"
tt1465522,Tucker and Dale vs Evil (2010),(2010),R,89min,"Comedy,Horror",,"$52,843","$223,838","$4,749,516",Release Date: 30 November 2012 (Taiwan),0,0,0,0,0,"4,525,678"
tt1279935,Date Night (2010),(2010),PG-13,88min,"Comedy,Crime,Romance","$55,000,000","$25,207,599","$98,711,404","$152,263,880",Release Date: 9 April 2010 (Taiwan),"247,180",0,"683,534","499,141","852,179","53,552,476"
tt1334260,Never Let Me Go (2010),(2010),R,103min,"Drama,Romance,Sci-Fi","$15,000,000","$111,734","$2,434,652","$9,468,530",Release Date: 15 October 2010 (USA),0,0,"57,621",0,"42,504","7,033,878"
tt0944835,Salt (2010),(2010),PG-13,100min,"Action,Mystery,Thriller","$110,000,000","$36,011,243","$118,311,368","$293,503,354",Release Date: 23 July 2010 (Taiwan),"3,009,074",0,"1,592,632","2,634,070","2,283,476","175,191,986"
tt1196141,Diary of a Wimpy Kid (2010),(2010),PG,94min,"Comedy,Drama,Family","$15,000,000","$22,126,166","$64,003,625","$75,700,498",Release Date: 19 March 2010 (USA),0,0,0,"68,435","358,096","11,696,873"
tt1216492,Leap Year (2010),(2010),PG,100min,"Comedy,Romance","$19,000,000","$9,202,815","$25,918,920","$32,607,316",Release Date: 8 January 2010 (USA),0,0,0,0,0,"6,688,396"
tt1226229,Get Him to the Greek (2010),(2010),R,109min,"Adventure,Comedy,Music","$40,000,000","$17,570,955","$60,974,475","$91,261,479",Release Date: 4 June 2010 (USA),0,0,0,0,0,"30,287,004"
tt1075747,Jonah Hex (2010),(2010),PG-13,81min,"Action,Drama,Fantasy","$47,000,000","$5,379,365","$10,547,117","$10,903,312",Release Date: 18 June 2010 (USA),0,0,0,0,0,"356,195"
tt1243957,The Tourist (2010),(2010),PG-13,103min,"Action,Adventure,Thriller","$100,000,000","$16,472,458","$67,631,157","$278,346,189",Release Date: 10 December 2010 (Taiwan),"2,145,526","20,745,800","1,476,379","1,681,003","1,537,733","210,715,032"
tt0455407,The Crazies (2010),(2010),R,101min,"Horror,Thriller","$20,000,000","$16,067,552","$39,123,589","$54,806,823",Also Known As: El día del apocalipsis,"128,102",0,"180,721","205,197","129,461","15,683,234"
tt1179056,A Nightmare on Elm Street (2010),(2010),R,95min,"Crime,Drama,Horror","$35,000,000","$32,902,299","$63,075,011","$115,664,037",Release Date: 30 April 2010 (USA),"205,304",0,"574,682","894,674","360,086","52,589,026"
tt1231583,Due Date (2010),(2010),R,95min,"Adventure,Comedy","$65,000,000","$32,689,406","$100,539,043","$211,780,824",Release Date: 5 November 2010 (USA),"835,999",0,"438,562","290,512","865,407","111,241,781"
tt1433108,Faster (2010),(2010),R,98min,"Action,Crime,Drama","$24,000,000","$8,523,153","$23,240,020","$35,626,958",Release Date: 24 November 2010 (USA),0,0,0,"1,267,705","259,756","12,386,938"
tt0879870,Eat Pray Love (2010),(2010),PG-13,133min,"Drama,Romance","$60,000,000","$23,104,523","$80,574,010","$204,594,016",Release Date: 1 October 2010 (Taiwan),"1,780,478",0,"699,360","440,613",0,"124,020,006"
tt1462758,Buried (2010),(2010),R,95min,"Drama,Mystery,Thriller","$3,000,000","$100,268","$1,044,143","$19,152,480",Also Known As: Enterrado,"15,064",0,"20,671","197,179","205,369","18,108,337"
tt1055292,Life as We Know It (2010),(2010),PG-13,114min,"Comedy,Drama,Romance","$38,000,000","$14,506,464","$53,374,681","$105,648,706",Release Date: 8 October 2010 (USA),"557,333",0,"410,176","443,749","467,525","52,274,025"
tt1263750,Room in Rome (2010),(2010),NotRated,107min,"Drama,Romance",,,,"$784,531",Release Date: 19 November 2010 (Taiwan),"17,725",0,"18,398",0,0,"784,531"
tt1321509,Death at a Funeral (2010),(2010),R,92min,Comedy,"$21,000,000","$16,217,540","$42,739,347","$49,050,886",Release Date: 16 April 2010 (USA),0,0,0,0,0,"6,311,539"
tt1020558,Centurion (2010),(2010),R,97min,"Action,Adventure,Drama","$12,000,000","$42,826","$123,570","$6,814,789",Release Date: 25 June 2010 (Taiwan),"53,317",0,0,0,"153,537","6,691,219"
tt1313092,Animal Kingdom (2010),(2010),R,113min,"Crime,Drama","$5,000,000","$61,968","$1,044,039","$6,795,663",Release Date: 4 June 2011 (Taiwan),"5,014",0,"20,638",0,0,"5,751,624"
tt0963966,The Sorcerer's Apprentice (2010),(2010),PG,109min,"Action,Adventure,Family","$150,000,000","$17,619,622","$63,150,991","$215,283,742",Release Date: 14 July 2010 (USA),"951,277","9,048,334","1,201,687","2,571,524","1,731,899","152,132,751"
tt1294226,The Last Song (2010),(2010),PG,107min,"Drama,Music,Romance","$20,000,000","$16,007,426","$62,950,384","$89,041,656",Release Date: 31 March 2010 (USA),0,0,0,0,"263,818","26,091,272"
tt0989757,Dear John (I) (2010),(I),PG-13,108min,"Drama,Romance,War","$25,000,000","$30,468,614","$80,014,842","$114,977,104",Release Date: 26 March 2010 (Taiwan),"303,974",0,"239,813",0,"382,606","34,962,262"
tt1181791,Black Death (2010),(2010),R,102min,"Action,Adventure,Drama",,"$6,692","$22,554","$382,879",Release Date: 11 June 2010 (UK),0,0,0,"84,630","25,804","360,325"
tt0889573,The Switch (I) (2010),(I),PG-13,101min,"Comedy,Drama,Romance","$19,000,000","$8,436,713","$27,779,426","$49,843,011",Release Date: 27 August 2010 (Taiwan),"93,201",0,"141,940","137,033","82,813","22,063,585"
tt1053424,Repo Men (2010),(2010),R,111min,"Action,Crime,Sci-Fi","$32,000,000","$6,126,170","$13,794,835","$18,409,891",Release Date: 19 March 2010 (USA),0,0,0,"214,627","79,209","4,615,056"
tt1415283,Nanny McPhee Returns (2010),(2010),PG,109min,"Comedy,Family,Fantasy","$35,000,000","$8,407,685","$29,011,215","$93,251,121",Release Date: 26 March 2010 (UK),0,0,0,"119,385","149,922","64,239,906"
tt0477080,Unstoppable (2010),(2010),PG-13,98min,"Action,Thriller","$100,000,000","$22,688,457","$81,562,942","$167,805,466",Also Known As: Imparable,"879,087","9,854,870","787,451","1,757,568","1,038,383","86,242,524"
tt1135084,Takers (2010),(2010),PG-13,107min,"Action,Crime,Thriller","$32,000,000","$20,512,304","$57,744,720","$80,205,382",Release Date: 27 August 2010 (USA),0,0,0,"957,802","327,668","22,460,662"
tt1220634,Resident Evil: Afterlife (2010),(2010),R,96min,"Action,Adventure,Horror","$60,000,000","$26,650,264","$60,128,566","$300,228,084",Release Date: 10 September 2010 (Taiwan),"6,048,031","21,640,678","2,369,036","3,563,274","1,956,457","240,099,518"
tt1023114,The Way Back (I) (2010),(I),PG-13,133min,"Adventure,Drama,History","$30,000,000","$1,218,868","$2,701,859","$20,348,249",Release Date: 21 January 2011 (USA),"96,712",0,0,"117,715","61,765","17,646,390"
tt0842926,The Kids Are All Right (2010),(2010),R,106min,"Comedy,Drama,Romance","$4,000,000","$491,971","$20,811,365","$34,758,951",Release Date: 18 December 2010 (Taiwan),"38,558",0,"89,910",0,"53,320","13,947,586"
tt1529572,Trust (I) (2010),(I),R,106min,"Crime,Drama,Thriller","$4,000,000","$58,214","$120,016","$595,802",Release Date: 28 April 2011 (Israel),0,0,0,0,0,"475,786"
tt0892791,Shrek Forever After (2010),(2010),PG,93min,"Animation,Adventure,Comedy","$165,000,000","$70,838,207","$238,736,787","$752,600,867",Release Date: 21 May 2010 (Taiwan),"1,246,930","13,465,361","3,503,489","2,405,025","3,019,917","513,864,080"
tt1028576,Secretariat (2010),(2010),PG,123min,"Biography,Drama,Family","$35,000,000","$12,694,770","$59,713,955","$60,251,371",Release Date: 8 October 2010 (USA),0,0,0,0,0,"537,416"
tt1477076,Saw 3D: The Final Chapter (2010),(2010),R,90min,"Crime,Horror,Mystery","$20,000,000","$22,530,123","$45,710,178","$136,150,434",Release Date: 30 October 2010 (Taiwan),"695,862",0,"956,017",0,"118,834","90,440,256"
tt1244658,Burning Bright (2010),(2010),PG-13,86min,"Drama,Horror,Thriller",,,,"$58,147",Release Date: 2 May 2012 (Bahrain),0,0,0,0,0,"58,147"
tt1013743,Knight and Day (2010),(2010),PG-13,109min,"Action,Adventure,Comedy","$117,000,000","$20,139,985","$76,423,035","$261,989,769",Release Date: 24 June 2010 (Taiwan),"1,295,053","13,419,677","1,559,633","1,316,116","1,287,255","185,566,734"
tt1103153,Killers (2010),(2010),PG-13,100min,"Action,Comedy,Romance","$75,000,000","$15,837,266","$47,059,963","$98,159,963",Release Date: 4 June 2010 (USA),"542,706","2,290,076","306,388","395,159","480,557","51,100,000"
tt1440728,The American (2010),(2010),R,105min,"Crime,Drama,Thriller","$20,000,000","$13,177,790","$35,606,376","$67,876,281",Release Date: 1 September 2010 (USA),"172,954",0,"123,734","164,654","124,741","32,269,905"
tt1038919,The Bounty Hunter (I) (2010),(I),PG-13,110min,"Action,Comedy,Romance","$40,000,000","$20,686,423","$67,061,228","$136,333,522",Release Date: 26 March 2010 (Taiwan),"592,073",0,"300,193","341,555","405,543","69,272,294"
tt1385867,Cop Out (2010),(2010),R,107min,"Action,Comedy,Crime","$30,000,000","$18,211,126","$44,875,481","$55,583,804",Release Date: 26 February 2010 (USA),0,0,0,0,"251,607","10,708,323"
tt1017451,The Runaways (2010),(2010),R,106min,"Biography,Drama,Music","$10,000,000","$805,115","$3,573,673","$4,681,651",Release Date: 16 April 2010 (Taiwan),"5,853",0,"21,368",0,"27,483","1,107,978"
tt1193631,Step Up 3D (2010),(2010),PG-13,107min,"Drama,Music,Romance","$30,000,000","$15,812,311","$42,400,223","$159,291,809",Release Date: 6 August 2010 (USA),"1,891,029",0,"2,484,600","1,503,391","1,781,111","116,891,586"
tt1126618,Morning Glory (2010),(2010),PG-13,107min,"Comedy,Drama,Romance","$40,000,000","$9,203,266","$31,011,732","$60,040,976",Release Date: 7 January 2011 (Taiwan),"285,996",0,"285,618",0,"292,930","29,029,244"
tt1341167,Four Lions (2010),(2010),R,97min,"Comedy,Crime,Drama",,"$41,512","$304,616","$4,659,239",Release Date: 7 May 2010 (UK),0,0,0,0,"33,779","4,354,623"
tt1527788,The Man from Nowhere (2010),(2010),R,119min,"Action,Drama,Thriller",,"$35,751","$528,175","$43,059,790",Release Date: 15 January 2011 (Taiwan),"10,212",0,"27,463",0,"93,759","42,531,615"
tt1219342,Legend of the Guardians: The Owls of Ga'Hoole (2010),(2010),PG,97min,"Animation,Action,Adventure","$80,000,000","$16,112,211","$55,675,313","$140,073,390",Release Date: 9 October 2010 (Taiwan),"331,879","4,670,433","454,735","807,586","584,546","84,398,077"
tt1470827,Monsters (2010),(2010),R,94min,"Drama,Sci-Fi,Thriller","$500,000","$20,508","$237,301","$4,242,978",Release Date: 3 December 2010 (UK),0,0,"88,851",0,"39,817","4,005,677"
tt1185416,When in Rome (2010),(2010),PG-13,91min,"Comedy,Romance","$55,000,000","$12,350,041","$32,680,633","$43,042,835",Release Date: 29 January 2010 (USA),0,0,"202,686","309,105","494,785","10,362,202"
tt1294688,Last Night (I) (2010),(I),R,93min,"Drama,Romance",,"$29,505","$99,000","$7,758,783",Release Date: 18 February 2011 (Taiwan),"91,879",0,"107,134",0,0,"7,659,783"
tt0997152,The Experiment (2010),(2010),R,96min,"Drama,Thriller","$21,800,000",,,"$716,580",Also Known As: Eksperiment,"69,393",0,"120,749",0,0,"716,580"
tt1369706,The Ward (2010),(2010),R,89min,"Horror,Mystery,Thriller","$10,000,000",,,"$52,965",Release Date: 8 July 2011 (USA),0,0,0,"68,567","56,591","52,965"
tt1341188,How Do You Know (2010),(2010),PG-13,121min,"Comedy,Drama,Romance","$120,000,000","$7,484,696","$30,212,620","$48,668,907",Release Date: 17 December 2010 (USA),0,0,0,0,"55,722","18,456,287"
tt1139328,The Ghost Writer (2010),(2010),PG-13,128min,"Drama,Mystery,Thriller","$45,000,000","$183,009","$15,541,549","$60,222,298",Release Date: 30 July 2010 (Taiwan),"32,268",0,"205,552",0,"61,382","44,680,749"
tt1564585,Skyline (2010),(2010),PG-13,92min,"Action,Sci-Fi,Thriller","$10,000,000","$11,692,415","$21,393,620","$66,821,036",Release Date: 12 November 2010 (Taiwan),"732,819",0,"953,914","1,460,702","285,666","45,427,416"
tt1314655,Devil (2010),(2010),PG-13,80min,"Horror,Mystery,Thriller","$10,000,000","$12,289,375","$33,601,190","$62,695,489",Release Date: 18 September 2010 (Taiwan),"172,794",0,"665,203","555,731","573,430","29,094,299"
tt0804497,It's Kind of a Funny Story (2010),(2010),PG-13,101min,"Comedy,Drama,Romance","$8,000,000","$2,013,406","$6,363,628","$6,491,240",Release Date: 8 October 2010 (USA),0,0,0,0,0,"127,612"
tt0977855,Fair Game (I) (2010),(I),PG-13,108min,"Biography,Drama,Thriller","$22,000,000","$651,082","$9,540,691","$24,196,960",Release Date: 27 November 2010 (Taiwan),"36,661",0,"98,052","108,181","62,569","14,656,269"
tt0947810,Green Zone (2010),(2010),R,115min,"Action,Drama,Thriller","$100,000,000","$14,309,295","$35,053,660","$154,711,438",Release Date: 12 March 2010 (Taiwan),"469,732",0,"485,103","446,535","647,334","119,657,778"
tt0808510,Tooth Fairy (I) (2010),(I),PG,101min,"Comedy,Family,Fantasy","$48,000,000","$14,010,409","$60,022,256","$112,462,508",Release Date: 22 January 2010 (USA),0,0,0,"859,552","720,341","52,440,252"
tt1441912,The Way (I) (2010),(I),PG-13,123min,"Adventure,Comedy,Drama",,"$110,418","$4,430,765","$9,802,172",Release Date: 19 November 2010 (Spain),"13,551",0,0,0,0,"5,371,407"
tt0872230,My Soul to Take (2010),(2010),R,107min,"Horror,Mystery,Thriller","$25,000,000","$6,842,220","$14,744,435","$20,976,402",Release Date: 8 October 2010 (USA),"73,867",0,0,"150,781","90,806","6,231,967"
tt1164999,Biutiful (2010),(2010),R,148min,"Drama,Romance",,"$457,206","$5,101,237","$25,147,786",Release Date: 16 April 2011 (Taiwan),"36,200",0,"34,741",0,"30,529","20,046,549"
tt1403988,The Romantics (2010),(2010),PG-13,95min,"Comedy,Drama,Romance","$4,500,000","$45,527","$106,524","$123,820",Release Date: 26 May 2010 (Australia),0,0,0,0,0,"17,296"
tt1323045,Frozen (I) (2010),(I),R,93min,"Adventure,Drama,Sport",,"$131,395","$246,176","$3,151,086",Also Known As: Muerte en la montaña,338,0,"202,585","125,622","67,933","2,904,910"
tt0892318,Letters to Juliet (2010),(2010),PG,105min,"Adventure,Comedy,Drama","$30,000,000","$13,540,486","$53,032,453","$79,181,750",Release Date: 28 May 2010 (Taiwan),"130,460",0,"193,592","53,500","131,345","26,149,297"
tt1179034,From Paris with Love (2010),(2010),R,92min,"Action,Crime,Thriller","$52,000,000","$8,158,860","$24,077,427","$52,840,139",Release Date: 5 February 2010 (Taiwan),"419,464",0,"100,092","316,958","261,709","28,762,712"
tt1648216,Three Steps Above Heaven (2010),(2010),NotRated,118min,"Action,Drama,Romance",,,,"$13,525,007",Release Date: 3 December 2010 (Spain),0,0,0,0,0,"13,525,007"
tt1226753,The Debt (I) (2010),(I),R,113min,"Drama,Thriller","$20,000,000","$9,909,499","$31,177,548","$45,636,368",Release Date: 31 August 2011 (USA),0,0,0,0,0,"14,458,820"
tt1568921,The Secret World of Arrietty (2010),(2010),G,94min,"Animation,Adventure,Family","$23,000,000","$6,446,395","$19,202,743","$145,570,827",Release Date: 14 January 2011 (Taiwan),"695,973",0,"1,750,575",0,0,"126,368,084"
tt1340773,Elektra Luxx (2010),(2010),R,100min,"Comedy,Drama",,"$5,601","$11,514","$11,514",Also Known As: Trouble in L.A.,0,0,0,0,0,0
tt1440292,Submarine (2010),(2010),R,97min,"Comedy,Drama,Romance",,"$41,832","$467,602","$864,659",Release Date: 29 July 2011 (Taiwan),"9,007",0,"97,050",0,0,"397,057"
tt1740707,Trollhunter (2010),(2010),PG-13,103min,"Drama,Fantasy,Horror","kr19,900,000","$5,585","$253,444","$4,159,678",Release Date: 29 October 2010 (Norway),0,0,0,"67,807",0,"3,906,234"
tt1612774,Rubber (2010),(2010),R,82min,"Comedy,Fantasy,Horror","$500,000","$16,346","$100,370","$101,729",Release Date: 10 November 2010 (France),0,0,0,0,0,"1,359"
tt1414382,You Again (2010),(2010),PG,105min,"Comedy,Family,Romance","$20,000,000","$8,407,513","$25,702,053","$32,005,248",Release Date: 24 September 2010 (USA),0,0,0,"328,739","297,354","6,303,195"
tt1560139,Boy (I) (2010),(I),NotRated,87min,"Comedy,Drama",,"$21,244","$256,211","$43,551,154",Release Date: 25 March 2010 (New Zealand),0,0,0,0,0,"43,294,943"
tt1470023,MacGruber (2010),(2010),R,90min,"Action,Comedy,Romance","$10,000,000","$4,043,495","$8,525,600","$9,322,895",Release Date: 21 May 2010 (USA),0,0,0,0,0,"797,295"
tt1226273,Edge of Darkness (2010),(2010),R,117min,"Crime,Drama,Mystery","$80,000,000","$17,214,384","$43,313,890","$118,934,368",Release Date: 19 March 2010 (Taiwan),"144,218",0,"205,633","195,320","210,981","75,620,478"
tt0411951,Tekken (2010),(2010),R,87min,"Action,Crime,Drama","$30,000,000",,,"$967,369",Release Date: 20 March 2010 (Japan),0,0,0,"389,039","221,766","967,369"
tt1183923,Welcome to the Rileys (2010),(2010),R,110min,Drama,,"$42,145","$158,898","$321,328",Release Date: 18 November 2011 (UK),0,0,0,0,0,"162,430"
tt1438254,Charlie St. Cloud (2010),(2010),PG-13,99min,"Drama,Fantasy,Romance","$44,000,000","$12,381,585","$31,162,545","$48,190,704",Release Date: 22 October 2010 (Taiwan),"107,745",0,"40,966","163,181","92,681","17,028,159"
tt1320291,The Reef (2010),(2010),R,94min,"Adventure,Drama,Horror",,,,"$67,753",Release Date: 17 March 2011 (Australia),0,0,0,0,0,"67,753"
tt1027718,Wall Street: Money Never Sleeps (2010),(2010),PG-13,133min,Drama,"$70,000,000","$19,011,188","$52,474,616","$134,748,021",Release Date: 24 September 2010 (USA),"833,306","7,147,135","1,085,152","434,317","916,324","82,273,405"
tt0493949,Ramona and Beezus (2010),(2010),G,103min,"Adventure,Comedy,Family","$15,000,000","$7,810,481","$26,167,002","$27,293,743",Release Date: 23 July 2010 (USA),0,0,0,0,0,"1,126,741"
tt0970866,Little Fockers (2010),(2010),PG-13,98min,"Comedy,Romance","$100,000,000","$30,833,665","$148,438,600","$310,650,585",Release Date: 4 February 2011 (Taiwan),"862,732",0,"1,226,294","604,211","1,247,516","162,211,985"
tt1320261,Gulliver's Travels (2010),(2010),PG,85min,"Adventure,Comedy,Family","$112,000,000","$6,307,691","$42,779,261","$237,382,724",Also Known As: Los viajes de Gulliver,"866,863",0,"4,004,131","3,569,846","2,412,547","194,603,463"
tt1220888,Henry's Crime (2010),(2010),R,108min,"Comedy,Crime,Drama","$12,000,000","$8,726","$102,541","$204,940",Release Date: 14 January 2011 (UK),0,0,"39,029","76,482","10,613","102,399"
tt1175709,All Good Things (2010),(2010),R,101min,"Crime,Drama,Mystery",,"$37,172","$582,024","$1,754,389",Release Date: 25 May 2012 (Taiwan),0,0,0,0,"10,407","1,172,365"
tt1212436,The Back-up Plan (2010),(2010),PG-13,104min,"Comedy,Romance","$35,000,000","$12,201,710","$37,490,007","$77,477,008",Release Date: 23 April 2010 (USA),"441,177",0,0,"287,964","420,239","39,987,001"
tt1534085,Beyond the Black Rainbow (2010),(2010),R,110min,"Horror,Sci-Fi,Thriller","$1,100,000","$4,957","$56,491","$56,491",Also Known As: Além do Arco-Íris Negro,0,0,0,0,0,0
tt1356864,I'm Still Here (I) (2010),(I),R,108min,"Comedy,Drama,Music",,"$96,658","$408,983","$568,963",Release Date: 16 September 2010 (Australia),0,0,0,0,0,"159,980"
tt1421051,Somewhere (2010),(2010),R,97min,"Comedy,Drama","$7,000,000","$119,086","$1,785,645","$13,936,909",Release Date: 3 September 2010 (Italy),0,0,"61,872",0,0,"12,151,264"
tt1216520,Womb (2010),(2010),NotRated,111min,"Drama,Romance,Sci-Fi","€3,660,000",,,"$36,257",Release Date: 30 September 2011 (Taiwan),0,0,0,0,"36,257","36,257"
tt1212419,Hereafter (2010),(2010),PG-13,129min,"Drama,Fantasy,Romance","$50,000,000","$220,322","$32,746,941","$105,197,635",Release Date: 7 January 2011 (Taiwan),"334,165",0,"203,907",0,"439,786","72,450,694"
tt1305583,Our Family Wedding (2010),(2010),PG-13,103min,"Comedy,Romance","$14,000,000","$7,629,862","$20,255,281","$21,409,028",Release Date: 12 March 2010 (USA),0,0,0,0,0,"1,153,747"
tt1172991,The Company Men (2010),(2010),R,104min,Drama,"$15,000,000","$647,797","$4,441,272","$4,882,577",Release Date: 25 May 2012 (Taiwan),0,0,0,0,0,"441,305"
tt1600524,Heartbeats (2010),(2010),NotRated,101min,"Drama,Romance","$600,000","$7,197","$68,723","$588,383",Release Date: 29 September 2010 (France),0,0,0,0,0,"519,660"
tt1244754,Conviction (II) (2010),(II),R,107min,"Biography,Crime,Drama","$12,500,000","$102,351","$6,783,129","$9,710,055",Release Date: 5 November 2010 (USA),0,0,0,0,0,"2,926,926"
tt1403177,Hesher (2010),(2010),R,106min,"Comedy,Crime,Drama","$7,000,000","$126,046","$382,946","$449,702",Release Date: 25 June 2011 (Japan),0,0,0,0,0,"66,756"
tt0914863,Unthinkable (2010),(2010),R,97min,"Crime,Drama,Thriller","$15,000,000",,,"$1,466,468",Release Date: 26 May 2010 (Belgium),0,0,0,0,0,"1,466,468"
tt1092634,Shanghai (2010),(2010),R,105min,"Crime,Drama,Mystery","$50,000,000","$26,604","$46,425","$9,245,891",Release Date: 30 June 2010 (Taiwan),"116,741","6,721,903","172,103","101,227","132,573","9,199,466"
tt0896872,The Whistleblower (2010),(2010),R,112min,"Action,Biography,Crime",,"$61,002","$1,124,966","$1,996,427",Release Date: 27 October 2011 (Germany),0,0,"40,595",0,0,"871,461"
tt1532503,Beginners (2010),(2010),R,105min,"Comedy,Drama,Romance","$3,200,000","$141,340","$5,790,894","$14,311,701","Also Known As: Beginners, así se siente el amor",0,0,0,0,"55,468","8,520,807"
tt0968264,The Conspirator (2010),(2010),PG-13,122min,"Crime,Drama,History","$25,000,000","$3,506,602","$11,538,204","$15,481,161",Release Date: 15 April 2011 (USA),0,0,"76,359",0,"14,139","3,942,957"
tt1386932,Ip Man 2 (2010),(2010),R,108min,"Action,Drama,Sport",,"$61,057","$205,675","$15,089,448",Release Date: 30 April 2010 (Taiwan),"1,806,856",0,"5,559,550","3,488,158","3,291,610","14,883,773"
tt1273678,The Spy Next Door (2010),(2010),PG,94min,"Action,Comedy,Family","$28,000,000","$9,726,056","$24,307,086","$66,166,000",Release Date: 2 April 2010 (Taiwan),0,0,"169,475","1,296,526","863,170","41,858,914"
tt1302067,Yogi Bear (2010),(2010),PG,80min,"Animation,Adventure,Comedy","$80,000,000","$16,411,322","$100,246,011","$201,584,141",Release Date: 17 December 2010 (USA),"120,179",0,"307,402","727,807","588,745","101,338,130"
tt1531663,Everything Must Go (2010),(2010),R,97min,"Comedy,Drama","$5,000,000","$791,676","$2,711,643","$2,820,490",Also Known As: Neighbor for Sale,0,0,0,0,0,"108,847"
tt1179069,6 Souls (2010),(2010),R,112min,"Horror,Mystery,Thriller","$22,000,000",,,"$851,517",Release Date: 8 April 2011 (Taiwan),"180,263",0,0,0,0,"851,517"
tt1436045,13 Assassins (2010),(2010),R,141min,"Action,Adventure,Drama","$6,000,000","$45,854","$802,778","$17,555,141",Release Date: 25 September 2010 (Japan),0,0,0,0,"46,593","16,752,363"
tt1032751,The Warrior's Way (2010),(2010),R,100min,"Action,Fantasy,Western","$42,000,000","$3,048,665","$5,666,340","$11,087,569",Release Date: 2 December 2010 (South Korea),0,0,0,"269,642",0,"5,421,229"
tt0935075,Rabbit Hole (2010),(2010),PG-13,91min,Drama,"$5,000,000","$53,778","$2,229,058","$5,132,850",Also Known As: Al otro lado del corazón,"5,486",0,"36,376",0,"13,654","2,903,792"
tt1188996,My Name Is Khan (2010),(2010),PG-13,165min,Drama,"$12,000,000","$1,944,027","$4,018,771","$42,345,360",Release Date: 27 May 2011 (Taiwan),"46,909",0,"121,976","254,110",0,"38,326,589"
tt1527835,Archipelago (2010),(2010),NotRated,114min,Drama,"£500,000",,"$7,791","$499,389",Also Known As: Joanna Hogg Project II,0,0,0,0,0,"491,598"
tt1270761,Don't Be Afraid of the Dark (2010),(2010),R,99min,"Fantasy,Horror,Thriller","$25,000,000","$8,525,728","$24,046,682","$36,993,168",Release Date: 25 August 2011 (Australia),"98,671",0,"80,977","320,042","190,350","12,946,486"
tt1666186,Vampires Suck (2010),(2010),PG-13,82min,Comedy,"$20,000,000","$12,202,831","$36,661,504","$80,547,866",Release Date: 20 August 2010 (Taiwan),"45,399",0,"166,215","511,600","267,563","43,886,362"
tt1555149,Elite Squad: The Enemy Within (2010),(2010),NotRated,115min,"Action,Crime,Drama",,"$8,648","$100,119","$63,027,681",Release Date: 8 October 2010 (Brazil),0,0,0,0,0,"62,927,562"
tt1405500,For Colored Girls (2010),(2010),R,133min,Drama,"$21,000,000","$19,497,324","$37,729,698","$37,747,016",Release Date: 5 November 2010 (USA),335,0,0,0,0,"17,318"
tt1322312,Going the Distance (2010),(2010),R,102min,"Comedy,Romance","$32,000,000","$6,884,964","$17,804,299","$42,052,757",Release Date: 3 September 2010 (Taiwan),"375,630",0,"226,097","186,161","443,174","24,248,458"
tt1536044,Paranormal Activity 2 (2010),(2010),R,91min,Horror,"$3,000,000","$40,678,424","$84,752,907","$177,512,032",Release Date: 5 November 2010 (Taiwan),"141,704",0,"156,566","455,666","576,707","92,759,125"
tt1486190,Tamara Drewe (2010),(2010),R,107min,"Comedy,Drama,Romance",,"$18,604","$560,391","$11,910,695",Release Date: 10 September 2010 (UK),0,0,0,0,0,"11,350,304"
tt1434435,Mother's Day (I) (2010),(I),R,112min,"Drama,Horror,Thriller","$11,000,000",,,"$863,044",Release Date: 14 May 2011 (Taiwan),"82,825",0,0,0,0,"863,044"
tt1456941,"Tomorrow, When the War Began (2010)",(2010),R,103min,"Action,Adventure,Drama","$25,000,000","$3,172","$4,936","$16,504,936",Release Date: 2 September 2010 (Australia),0,0,0,0,0,"16,500,000"
tt1407061,Just Wright (2010),(2010),PG,100min,"Comedy,Romance,Sport",,"$8,284,989","$21,540,363","$21,570,263",Release Date: 14 May 2010 (USA),0,0,0,0,0,"29,900"
tt1401643,Black Venus (2010),(2010),NotRated,162min,"Drama,History",,,,"$1,329,670",Release Date: 27 October 2010 (France),0,0,0,0,0,"1,329,670"
tt1100051,Bereavement (2010),(2010),R,103min,"Crime,Horror,Thriller","$3,600,000","$20,744","$43,712","$43,712",Release Date: 16 July 2010 (USA),0,0,0,0,0,0
tt1512685,Julia's Eyes (2010),(2010),NotRated,118min,"Horror,Mystery,Thriller","€5,000,000",,,"$12,884,923",Release Date: 29 October 2010 (Spain),0,0,0,0,0,"12,884,923"
tt1182350,You Will Meet a Tall Dark Stranger (2010),(2010),R,98min,"Comedy,Drama,Romance","$22,000,000","$160,103","$3,248,246","$34,423,925",Release Date: 27 August 2010 (Spain),"29,557",0,"59,037",0,0,"31,175,679"
tt0798817,13 (I) (2010),(I),R,91min,"Drama,Thriller",,,,"$3,523,722",Release Date: March 2010 (New Zealand),0,0,0,0,0,"3,523,722"
tt1403144,Come Undone (2010),(2010),Unrated,126min,"Drama,Romance",,"$2,030","$10,035","$2,934,087",Release Date: 30 April 2010 (Italy),0,0,0,0,0,"2,924,052"
tt0954947,The Killer Inside Me (2010),(2010),R,109min,"Crime,Drama,Horror","$13,000,000","$11,083","$217,277","$3,979,243",Release Date: 3 September 2010 (Taiwan),0,0,0,0,0,"3,761,966"
tt1423995,Stone (2010),(2010),R,105min,"Drama,Thriller","$22,000,000","$75,766","$1,810,078","$9,479,718",Release Date: 22 October 2010 (USA),"153,424",0,0,0,0,"7,669,640"
tt1336617,Cyrus (I) (2010),(I),R,91min,"Comedy,Drama,Romance","$7,000,000","$181,716","$7,468,936","$9,923,855",Release Date: 16 July 2010 (USA),0,0,0,0,0,"2,454,919"
tt1523483,Kaboom (2010),(2010),NotRated,86min,"Comedy,Mystery,Romance",,"$13,714","$118,919","$539,957",Release Date: 15 July 2011 (Taiwan),"1,659",0,0,0,0,"421,038"
tt1555064,Country Strong (2010),(2010),PG-13,117min,"Drama,Music","$15,000,000","$30,452","$20,218,921","$20,529,194",Release Date: 7 January 2011 (USA),0,0,0,0,0,"310,273"
tt1440232,Little White Lies (2010),(2010),NotRated,154min,"Comedy,Drama","$25,000,000","$25,654","$206,088","$48,599,842",Release Date: 20 October 2010 (France),0,0,"54,819",0,0,"48,393,754"
tt1320244,The Last Exorcism (2010),(2010),PG-13,87min,"Drama,Horror,Thriller","$1,800,000","$20,366,613","$41,034,350","$67,738,090",Release Date: 28 August 2010 (Taiwan),"120,790",0,0,0,"343,489","26,703,740"
tt1235189,Wild Target (2010),(2010),PG-13,98min,"Action,Comedy,Crime","$8,000,000","$23,174","$108,589","$3,453,043",Release Date: 18 June 2010 (UK),0,0,"38,040",0,0,"3,344,454"
tt1234654,Greenberg (2010),(2010),R,107min,"Comedy,Drama,Romance",,"$118,152","$4,234,170","$6,153,967",Release Date: 24 September 2010 (Taiwan),"13,183",0,"28,390",0,"21,031","1,919,797"
tt1528750,Four Lovers (2010),(2010),Unrated,103min,Romance,,,,"$78,924",Release Date: 7 January 2011 (Taiwan),"16,210",0,0,0,0,"78,924"
tt1274300,The Tempest (I) (2010),(I),PG-13,110min,"Comedy,Drama,Fantasy","$20,000,000","$42,436","$277,943","$346,594",Release Date: 11 February 2011 (Taiwan),510,0,"14,461",0,0,"68,651"
tt1167638,22 Bullets (2010),(2010),NotRated,117min,"Action,Crime,Thriller","€18,000,000",,,"$21,263,717",Release Date: 30 July 2010 (Taiwan),"57,003",0,0,0,"7,996","21,263,717"
tt1287468,Cats & Dogs: The Revenge of Kitty Galore (2010),(2010),PG,82min,"Action,Comedy,Family","$85,000,000","$12,279,363","$43,585,753","$112,483,764",Release Date: 30 July 2010 (USA),"217,122",0,"795,398","721,521","612,917","68,898,011"
tt1391034,And Soon the Darkness (2010),(2010),R,91min,"Drama,Horror,Mystery",,,,"$177,182",Release Date: 11 February 2011 (UK),0,0,0,0,0,"177,182"
tt1314652,The Housemaid (2010),(2010),NotRated,106min,"Drama,Thriller",,"$16,670","$157,961","$14,775,615",Release Date: 13 May 2010 (South Korea),"42,611",0,"143,686",0,"126,098","14,617,654"
tt1291652,Easy Money (2010),(2010),R,124min,"Action,Crime,Drama",,"$24,684","$205,741","$8,444,544",Release Date: 15 January 2010 (Sweden),0,0,0,0,0,"8,238,803"
tt1395054,Once Upon a Time in Mumbai (2010),(2010),NotRated,134min,"Action,Crime,Drama",,,,"$102,382",Also Known As: A fost odata în Mumbai,0,0,0,"16,415",0,"102,382"
tt1431181,Another Year (2010),(2010),PG-13,129min,"Comedy,Drama","$8,000,000","$111,869","$3,205,706","$19,722,766",Release Date: 5 November 2010 (UK),0,0,"29,057",0,0,"16,517,060"
tt1332134,King of Devil's Island (2010),(2010),NotRated,116min,"Action,Drama","kr54,000,000","$1,039","$7,615","$4,179,605",Release Date: 11 May 2012 (Taiwan),0,0,0,0,0,"4,171,990"
tt1518812,Meek's Cutoff (2010),(2010),PG,104min,"Drama,Western","$2,000,000","$20,024","$977,772","$1,205,257",Also Known As: O Atalho,0,0,0,0,0,"227,485"
tt1588895,Uncle Boonmee Who Can Recall His Past Lives (2010),(2010),NotRated,114min,"Drama,Fantasy",,"$23,540","$184,292","$1,132,863",Release Date: 1 September 2010 (France),"14,521",0,0,0,"17,870","948,571"
tt1244659,Extraordinary Measures (2010),(2010),PG,106min,Drama,"$31,000,000","$6,012,594","$12,068,313","$15,134,293",Release Date: 22 January 2010 (USA),0,0,0,0,0,"3,065,980"
tt1452628,Vanishing on 7th Street (2010),(2010),R,92min,"Horror,Mystery,Thriller","$10,000,000","$2,898","$22,729","$1,068,682",Release Date: 5 February 2011 (Japan),"1,502",0,0,0,0,"1,045,953"
tt1509803,Griff the Invisible (2010),(2010),PG-13,90min,"Comedy,Drama,Romance",,,,"$67,034",Release Date: March 2011 (Australia),0,0,0,0,0,"67,034"
tt1692190,El Narco (2010),(2010),NC-17,145min,"Action,Comedy,Crime",,,,"$6,703,873",Release Date: 3 September 2010 (Mexico),0,0,0,0,0,"6,703,873"
tt1181795,Bunraku (2010),(2010),R,124min,"Action,Drama,Fantasy","$25,000,000",,,"$129,706",Release Date: 30 November 2011 (South Korea),0,0,0,0,0,"129,706"
tt1106860,Ca$h (2010),(2010),R,108min,"Crime,Thriller","$7,000,000","$16,469","$46,488","$46,488",Release Date: 1 March 2010 (UK),0,0,0,0,0,0
tt1213648,London Boulevard (2010),(2010),R,103min,"Crime,Drama","$25,000,000","$3,431","$16,075","$4,644,108",Release Date: 26 November 2010 (UK),"72,528",0,"49,040",0,"25,836","4,628,033"
tt1230385,The Yellow Sea (2010),(2010),R,157min,"Action,Drama,Thriller","$8,170,000",,,"$15,760,549",Also Known As: The Yellow Sea,0,0,0,0,0,"15,760,549"
tt1179025,The Extraordinary Adventures of Adèle Blanc-Sec (2010),(2010),PG,107min,"Action,Adventure,Fantasy","€25,000,000",,,"$34,051,868",Release Date: 7 August 2010 (Taiwan),"159,894","7,742,449","232,745","920,652","185,020","34,051,868"
tt1646959,Bedevilled (2010),(2010),NotRated,115min,"Drama,Horror,Thriller","$700,000",,,"$1,124,187",Release Date: 6 May 2011 (Taiwan),0,0,0,0,0,"1,124,187"
tt1020773,Certified Copy (2010),(2010),NotRated,106min,"Drama,Romance","€7,000,000","$77,937","$1,373,975","$9,306,773",Release Date: 19 May 2010 (France),"62,781",0,"48,705",0,0,"7,932,798"
tt1320239,Burke and Hare (2010),(2010),R,91min,"Comedy,Crime,History","£7,500,000",$947,"$4,833","$4,349,187",Release Date: 29 October 2010 (UK),0,0,0,0,0,"4,344,354"
tt1361835,The Silence (2010),(2010),NotRated,118min,"Crime,Drama,Thriller","€2,300,000","$7,992","$100,214","$416,675",Release Date: 19 August 2010 (Germany),0,0,0,0,0,"316,461"
tt0979434,Lottery Ticket (I) (2010),(I),PG-13,99min,Comedy,"$17,000,000","$10,652,297","$24,719,879","$24,719,879",Release Date: 20 August 2010 (USA),0,0,0,0,0,0
tt1483753,Pure (2010),(2010),NotRated,97min,Drama,"kr14,700,000",,,"$84,013",Also Known As: Pure,0,0,0,0,0,"84,013"
tt1464580,Stake Land (2010),(2010),R,98min,"Drama,Horror,Sci-Fi","$650,000","$7,258","$33,245","$405,380",Release Date: 17 June 2011 (Ireland),0,0,0,0,0,"372,135"
tt1407084,Twelve (2010),(2010),R,93min,"Action,Crime,Drama","$5,000,000","$110,238","$183,920","$2,566,717",Release Date: 6 August 2010 (USA),0,0,0,0,0,"2,382,797"
tt0492389,Furry Vengeance (2010),(2010),PG,92min,"Comedy,Family","$35,000,000","$6,627,564","$17,630,465","$36,300,523",Also Known As: La forêt contre-attaque,"49,468",0,"50,989","345,614","75,853","18,670,058"
tt1196204,Cemetery Junction (2010),(2010),R,95min,"Comedy,Drama",,,,"$2,328,877",Release Date: 14 April 2010 (UK),0,0,0,0,0,"2,328,877"
tt1340107,In a Better World (2010),(2010),R,118min,"Drama,Romance","$5,500,000","$33,058","$1,008,098","$9,629,826",Release Date: 26 August 2010 (Denmark),0,0,"13,356",0,"11,604","8,621,728"
tt1303803,Standing Ovation (2010),(2010),PG,105min,Musical,,"$343,125","$531,806","$550,418",Release Date: 16 July 2010 (USA),0,0,0,0,0,"18,612"
tt1319704,Chatroom (2010),(2010),R,97min,"Drama,Thriller",,,,"$552,535",Release Date: 22 December 2010 (UK),"7,719",0,0,0,0,"552,535"
tt1125929,Love Ranch (2010),(2010),R,117min,"Biography,Comedy,Drama","$25,000,000","$44,220","$137,885","$146,149",Release Date: 6 January 2011 (Netherlands),0,0,0,0,0,"8,264"
tt1221208,Frankie & Alice (2010),(2010),R,101min,"Biography,Drama",,"$7,768","$706,546","$706,546",Release Date: 12 August 2014 (USA),0,0,0,0,0,0
tt1174042,The Myth of the American Sleepover (2010),(2010),NotRated,96min,"Comedy,Drama,Romance",,"$8,700","$41,045","$41,642",Release Date: 7 April 2011 (Netherlands),0,0,0,0,0,597
tt1392197,Marmaduke (2010),(2010),PG,87min,"Comedy,Family","$50,000,000","$11,599,661","$33,644,788","$83,761,844",Release Date: 4 June 2010 (USA),0,0,0,"166,084","261,129","50,117,056"
tt1287878,Poetry (2010),(2010),Unrated,139min,Drama,"￦1,300,000,000","$18,900","$356,149","$2,236,591",Release Date: 14 January 2011 (Taiwan),0,0,0,0,0,"1,880,442"
tt1107319,Dirty Girl (2010),(2010),R,90min,"Comedy,Drama","$4,000,000","$17,859","$55,125","$143,485",Release Date: 7 July 2011 (Thailand),0,0,0,0,0,"88,360"
tt1371155,Made in Dagenham (2010),(2010),R,113min,"Biography,Comedy,Drama","$7,200,000","$37,563","$1,095,369","$12,395,087",Release Date: 20 September 2010 (UK),0,0,0,"11,323","12,955","11,299,718"
tt1468387,What If... (I) (2010),(I),PG,111min,"Drama,Family,Fantasy",,"$49,770","$814,906","$814,906",Release Date: 23 April 2010 (Brazil),0,0,0,0,0,0
tt1194417,Casino Jack (2010),(2010),R,108min,"Biography,Comedy,Crime","$12,500,000","$34,528","$1,042,959","$1,104,907",Release Date: 28 December 2010 (Estonia),0,0,0,0,0,"61,948"
tt1213012,Alpha and Omega (2010),(2010),PG,90min,"Animation,Adventure,Comedy","$20,000,000","$9,106,906","$25,107,267","$50,507,267",Release Date: 17 September 2010 (USA),93,"1,768,562",0,"128,728","105,531","25,400,000"
tt1691323,Attenberg (2010),(2010),NotRated,97min,Drama,,"$3,998","$24,036","$69,961",Release Date: 9 December 2010 (Greece),0,0,0,0,0,"45,925"
tt1418646,Beneath Hill 60 (2010),(2010),R,122min,"Drama,History,War","$8,140,500",,,"$3,440,939",Release Date: 15 April 2010 (Australia),0,"762,265",0,0,0,"3,440,939"
tt1590089,Confessions (2010),(2010),NotRated,106min,"Drama,Thriller",,,,"$44,896,470",Release Date: 29 October 2010 (Taiwan),"765,676",0,"1,430,152",0,"125,670","44,896,470"
tt1514041,4.3.2.1. (2010),(2010),NotRated,117min,"Crime,Thriller","$4,600,000",,,"$1,477,582",Release Date: 2 June 2010 (UK),0,0,0,0,0,"1,477,582"
tt1270835,Hatchet II (2010),(2010),R,85min,"Action,Comedy,Horror","$800,000","$52,604","$52,604","$156,190",Release Date: November 2010 (Australia),0,0,0,0,0,"103,586"
tt1740047,The Trip (I) (2010),(I),NotRated,112min,"Comedy,Drama",,"$77,904","$2,030,962","$3,945,217",Release Date: 24 April 2011 (Greece),0,0,0,0,0,"1,914,255"
tt1334553,The Perfect Host (2010),(2010),R,93min,"Comedy,Crime,Thriller","$500,000","$7,505","$48,764","$453,708",Release Date: 7 May 2011 (Japan),0,0,0,0,0,"404,944"
tt1481572,Happythankyoumoreplease (2010),(2010),R,100min,"Comedy,Drama,Romance",,"$35,063","$216,110","$853,862",Release Date: 3 March 2011 (Israel),0,0,0,0,0,"637,752"
tt1629377,Kidnapped (2010),(2010),NotRated,85min,"Horror,Thriller",,,,"$447,440",Release Date: 25 February 2011 (Spain),0,0,"104,066",0,0,"447,440"
tt1465487,Heartbreaker (2010),(2010),NotRated,105min,"Comedy,Romance","€8,700,000","$52,628","$504,030","$57,457,528",Release Date: 23 October 2010 (Taiwan),"6,149","307,840","34,873",0,"89,491","56,953,498"
tt1396221,Passion Play (2010),(2010),R,94min,"Drama,Fantasy,Romance","$8,000,000","$2,100","$3,669","$25,603",Also Known As: O Anjo do Desejo,329,0,0,0,0,"21,934"
tt1041804,The Nutcracker in 3D (2010),(2010),PG,110min,"Action,Family,Fantasy","$90,000,000","$65,944","$195,459","$16,438,006",Also Known As: Casse-Noisette: l'histoire jamais racontée,"125,507",0,"63,187",0,0,"16,242,547"
tt1198101,Kites (I) (2010),(I),NotRated,123min,"Action,Drama,Romance","रू600,000,000","$959,329","$1,685,269","$2,986,748",Release Date: 21 May 2010 (India),584,0,0,"51,831",0,"1,301,479"
tt1422032,Even the Rain (2010),(2010),NotRated,103min,"Drama,History",,"$53,730","$518,017","$5,810,330",Release Date: 25 May 2012 (Taiwan),0,0,0,0,0,"5,292,313"
tt1641638,The Legend Is Born: Ip Man (2010),(2010),NotRated,100min,"Action,Biography,Drama",,,,"$2,708,867",Release Date: 2 July 2010 (Taiwan),"141,429",0,"896,918","873,806","796,714","2,708,867"
tt1423894,Barney's Version (2010),(2010),R,134min,"Comedy,Drama","$30,000,000","$65,241","$4,439,201","$8,457,613",Release Date: 15 April 2011 (Taiwan),"4,480",0,0,0,"8,675","4,018,412"
tt1291465,Raajneeti (2010),(2010),NotRated,163min,"Crime,Drama",,"$850,244","$1,514,558","$12,604,224",Release Date: 4 June 2010 (India),0,0,0,"28,223",0,"11,089,666"
tt0775489,The Illusionist (2010),(2010),PG,80min,"Animation,Drama","$17,000,000","$38,594","$2,231,474","$8,973,388",Release Date: 16 June 2010 (France),0,0,0,0,"16,375","6,741,914"
tt1017464,The Tortured (2010),(2010),R,79min,"Horror,Thriller","$8,500,000",,,"$319,421",Also Known As: A megkínzott,0,0,0,0,0,"319,421"
tt1173687,The Bang Bang Club (2010),(2010),R,106min,"Biography,Drama,History",,,,"$221,292",Release Date: 25 May 2012 (Taiwan),0,0,0,0,0,"221,292"
tt1525835,Gantz (2010),(2010),NotRated,130min,"Action,Horror,Sci-Fi","$22,000,000",,,"$39,459,386",Release Date: 20 March 2011 (Taiwan),"100,342",0,"166,763","49,182","57,883","39,459,386"
tt1247667,High School (2010),(2010),R,99min,Comedy,"$10,000,000","$82,832","$139,034","$221,590",Release Date: 23 November 2012 (Spain),0,0,0,0,0,"82,556"
tt1296898,Waiting for Forever (2010),(2010),PG-13,95min,"Comedy,Drama,Romance","$5,000,000","$8,917","$25,517","$25,517",Release Date: 4 February 2011 (USA),0,0,0,0,0,0
tt1038685,The King of Fighters (2010),(2010),NotRated,93min,"Action,Sci-Fi,Thriller",,,,"$501,732",Also Known As: Az ősök kardja,0,0,0,"329,943","73,129","501,732"
tt1319722,A Little Help (2010),(2010),R,109min,"Comedy,Drama,Romance",,"$44,870","$96,868","$96,868",Release Date: 22 July 2011 (USA),0,0,0,0,0,0
tt1422020,Dog Pound (2010),(2010),NotRated,91min,Drama,,,,"$465,725",Release Date: 23 June 2010 (France),0,0,0,0,0,"465,725"
tt1754109,Les Misérables in Concert: The 25th Anniversary (2010),(2010),NotRated,178min,"Drama,Music,Musical",,,,"$742,004",Release Date: 3 October 2010 (UK),0,0,0,0,0,"742,004"
tt1533013,Beautiful Boy (2010),(2010),R,100min,Drama,,"$16,162","$77,247","$140,123",Release Date: 4 November 2011 (Brazil),0,0,0,0,0,"62,876"
tt1270842,Norwegian Wood (2010),(2010),NotRated,133min,"Drama,Romance",,"$13,000","$13,000","$17,665,259",Release Date: 18 December 2010 (Taiwan),"150,304",0,"257,320",0,"77,990","17,652,259"
tt0940656,Arthur 3: The War of the Two Worlds (2010),(2010),PG,101min,"Animation,Adventure,Family","€65,000,000",,,"$31,070,526",Release Date: 13 October 2010 (France),"27,212",0,0,0,0,"31,070,526"
tt1233192,Brighton Rock (2010),(2010),R,111min,"Crime,Drama,Thriller","$12,000,000","$32,774","$229,653","$1,829,020",Release Date: 4 February 2011 (UK),"8,222",0,0,0,"7,180","1,599,367"
tt1391137,Why Did I Get Married Too? (2010),(2010),PG-13,121min,"Comedy,Drama,Romance","$20,000,000","$29,289,537","$60,095,852","$60,673,972",Release Date: 2 April 2010 (USA),0,0,0,0,0,"578,120"
tt1382725,La Rafle (2010),(2010),NotRated,115min,"Drama,History,War","€20,000,000",,,"$25,346,148",Release Date: 25 May 2012 (Taiwan),0,0,"13,431",0,0,"25,346,148"
tt1570989,Tiny Furniture (2010),(2010),NotRated,98min,"Comedy,Drama,Romance","$65,000","$21,235","$391,674","$416,498",Release Date: 30 March 2012 (UK),0,0,0,0,0,"24,824"
tt1460743,Reign of Assassins (2010),(2010),R,117min,"Action,Adventure","$12,000,000",,,"$13,387,096",Release Date: 22 October 2010 (Taiwan),"94,422","9,910,952","212,678","409,988","540,832","13,387,096"
tt1329457,Gainsbourg: A Heroic Life (2010),(2010),NotRated,135min,"Biography,Drama,Music","€11,500,000","$25,189","$233,007","$12,220,456",Release Date: 26 April 2013 (Taiwan),0,0,0,0,0,"11,987,449"
tt1668200,Sarah's Key (2010),(2010),PG-13,111min,"Drama,War","€10,000,000","$115,708","$7,693,187","$31,262,082",Release Date: 25 May 2012 (Taiwan),0,0,"32,152",0,"7,075","23,568,895"
tt1049402,Howl (2010),(2010),R,84min,"Biography,Drama,Romance",,"$51,185","$617,334","$1,519,678",Release Date: 20 November 2010 (Taiwan),"9,369",0,0,"96,382",0,"902,344"
tt1572311,Tees Maar Khan (2010),(2010),NotRated,135min,"Comedy,Crime","$4,200,000","$539,793","$1,076,443","$2,454,414",Release Date: 24 December 2010 (India),0,0,0,"40,957",0,"1,377,971"
tt1510906,Third Star (2010),(2010),NotRated,92min,Drama,"£1,500,000",,,"$14,586",Release Date: 25 June 2011 (USA),0,0,0,0,0,"14,586"
tt1456661,Legend of the Fist: The Return of Chen Zhen (2010),(2010),R,106min,"Action,Drama,History",,"$11,365","$50,433","$26,567,249",Release Date: 21 September 2010 (Taiwan),"399,406","20,585,130","1,764,105","2,049,033","1,555,261","26,516,816"
tt1692504,We Are the Night (2010),(2010),NotRated,99min,"Drama,Fantasy,Horror","€6,500,000",,,"$1,271,597",Also Known As: We Are the Night,0,0,0,0,0,"1,271,597"
tt1405810,Loose Cannons (2010),(2010),NotRated,110min,"Comedy,Drama,Romance",,,,"$14,774,331",Release Date: 8 July 2011 (Taiwan),"26,127",0,0,0,0,"14,774,331"
tt1572491,The Last Circus (2010),(2010),R,107min,"Comedy,Drama,Horror","€7,000,000","$4,757","$40,548","$3,218,666",Release Date: 17 December 2010 (Spain),0,0,0,0,"7,928","3,178,118"
tt1646926,Open Season 3 (2010),(2010),PG,75min,"Animation,Adventure,Comedy",,,,"$7,399,925",Also Known As: Boog & Elliot 3,0,0,0,0,0,"7,399,925"
tt1123373,Detective Dee: Mystery of the Phantom Flame (2010),(2010),PG-13,123min,"Action,Adventure,Drama","$13,000,000","$52,617","$459,836","$51,723,285",Release Date: 8 October 2010 (Taiwan),"759,625","43,710,371","1,451,985","887,808","938,991","51,263,449"
tt1425257,True Legend (2010),(2010),R,115min,"Action,Drama,History","$20,000,000",,,"$3,480,686",Release Date: 26 February 2010 (Taiwan),"98,665",0,"1,261,187","843,226","677,762","3,480,686"
tt1241330,Road Kill (2010),(2010),R,87min,"Horror,Thriller","$1,000,000",,,"$5,964",Release Date: 28 May 2010 (Australia),0,0,0,0,0,"5,964"
tt1533117,Let the Bullets Fly (2010),(2010),NotRated,132min,"Action,Comedy,Western","$18,000,000","$11,287","$63,012","$104,345,023",Release Date: 16 December 2010 (China),"64,740","102,685,432","1,567,432","31,838","235,883","104,282,011"
tt1315350,Cherry (I) (2010),(I),R,99min,"Comedy,Drama",,"$2,416","$11,362","$38,012",Release Date: 24 June 2011 (Turkey),0,0,0,0,0,"26,650"
tt1393020,Sex & Drugs & Rock & Roll (2010),(2010),TV-MA,115min,"Biography,Drama,Music","£2,000,000",,,"$1,038,699",Release Date: 8 January 2010 (UK),0,0,0,0,0,"1,038,699"
tt1396219,Outcast (2010),(2010),R,98min,Horror,,,,$179,Release Date: 10 December 2010 (UK),0,0,0,0,0,179
tt1401143,Rare Exports: A Christmas Tale (2010),(2010),R,84min,"Adventure,Fantasy,Horror","€1,948,000","$9,281","$236,347","$4,015,133",Release Date: 3 December 2010 (Finland),0,0,0,0,0,"3,778,786"
tt1588337,Of Gods and Men (2010),(2010),PG-13,122min,"Drama,History","€4,000,000","$308,895","$3,951,596","$107,728,957",Release Date: 8 September 2010 (France),0,0,0,0,0,"103,777,361"
tt1680136,Klown (2010),(2010),R,93min,Comedy,,"$19,683","$68,795","$12,443,800",Also Known As: Klown,0,0,0,0,0,"12,375,005"
tt1283887,Burning Palms (2010),(2010),R,105min,"Comedy,Thriller","$5,000,000",,,"$3,271",Release Date: 23 April 2010 (USA),0,0,0,0,0,"3,271"
tt1305797,Enthiran (2010),(2010),NotRated,155min,"Action,Sci-Fi","रू1,900,000,000",,,"$4,675,348",Also Known As: Robot,0,0,0,"3,048,246",0,"4,675,348"
tt1662557,No Mercy (2010),(2010),NotRated,125min,"Action,Crime,Thriller",,,,"$7,282,606",Release Date: 7 January 2010 (South Korea),0,0,0,0,0,"7,282,606"
tt1462667,The Outrage (2010),(2010),R,109min,"Action,Crime,Drama",,"$6,518","$44,745","$8,428,636",Release Date: 12 June 2010 (Japan),0,0,"21,424",0,"23,214","8,383,891"
tt1442571,14 Blades (2010),(2010),R,114min,"Action,History,Thriller","$20,000,000",,,"$3,786,517",Release Date: 5 February 2010 (Taiwan),"501,231",0,"985,218","1,007,827","1,126,692","3,786,517"
tt1529240,Brownian Movement (2010),(2010),NotRated,97min,"Drama,Romance",,,,"$16,942",Also Known As: Ruchy Browna,0,0,0,0,0,"16,942"
tt1572781,The Disappearance of Haruhi Suzumiya (2010),(2010),NotRated,163min,"Animation,Comedy,Drama",,,,"$7,923,435",Release Date: 22 October 2010 (Taiwan),"102,089",0,"25,331",0,0,"7,923,435"
tt1390535,The Final (I) (2010),(I),R,93min,"Drama,Horror,Thriller","$1,000,000",,,"$28,491",Release Date: 7 February 2013 (Bahrain),0,0,0,0,0,"28,491"
tt1653690,Ong-bak 3 (2010),(2010),R,99min,Action,,"$5,648","$14,890","$2,340,363",Release Date: 5 May 2010 (Thailand),0,0,0,"772,340","199,429","2,325,473"
tt1013860,Dylan Dog: Dead of Night (2010),(2010),PG-13,107min,"Action,Comedy,Crime","$20,000,000","$754,779","$1,186,538","$4,634,062",Release Date: 29 April 2011 (USA),0,0,"77,929","395,786","300,166","3,447,524"
tt1465505,Red White & Blue (2010),(2010),NotRated,104min,"Drama,Thriller",,,,$177,Release Date: 8 October 2010 (USA),0,0,0,0,0,177
tt1386683,A Somewhat Gentle Man (2010),(2010),NotRated,113min,"Comedy,Crime,Drama",,"$2,506","$37,743","$1,851,776",Also Known As: A Somewhat Gentle Man,0,0,0,0,0,"1,814,033"
tt1900891,Haunters (2010),(2010),NotRated,100min,"Action,Sci-Fi,Thriller",,,,"$13,443,879",Release Date: 10 November 2010 (South Korea),0,0,0,0,0,"13,443,879"
tt1639426,Udaan (2010),(2010),NotRated,134min,Drama,,"$2,715","$7,461","$7,461",Release Date: 16 July 2010 (India),0,0,0,0,0,0
tt1440379,Virginia (2010),(2010),R,111min,Drama,,"$6,915","$12,728","$12,728",Release Date: 15 September 2010 (Canada),0,0,0,0,0,0
tt1230204,A Turtle's Tale: Sammy's Adventures (2010),(2010),PG,88min,"Animation,Adventure,Family",,,,"$65,605,808",Release Date: 4 August 2010 (Belgium),0,0,"510,763","742,057","143,348","65,605,808"
tt1474889,The Freebie (2010),(2010),R,78min,"Comedy,Drama",,"$4,309","$16,613","$16,613",Release Date: 17 September 2010 (USA),0,0,0,0,0,0
tt1438216,Oranges and Sunshine (2010),(2010),R,105min,"Drama,History","$4,500,000","$18,600","$143,480","$2,582,301",Release Date: 1 April 2011 (UK),0,0,0,0,0,"2,438,821"
tt1437366,Beyond (2010),(2010),NotRated,99min,Drama,"$3,000,000",,,"$5,300,326",Release Date: 10 December 2010 (Sweden),0,0,0,0,0,"5,300,326"
tt1563719,Hunt to Kill (2010),(2010),R,98min,"Action,Thriller","$2,300,000",,,"$160,867",Release Date: 9 November 2010 (Canada),0,0,0,0,0,"160,867"
tt1322385,Submarino (2010),(2010),NotRated,105min,Drama,,,,"$815,998",Release Date: 25 March 2010 (Denmark),"4,392",0,0,0,0,"815,998"
tt1459012,Love Crime (2010),(2010),NotRated,106min,"Crime,Drama,Mystery",,"$35,375","$539,792","$3,641,265",Also Known As: Love Crime,0,0,"31,179",0,0,"3,101,473"
tt1646975,Le Quattro Volte (2010),(2010),NotRated,88min,Drama,,"$16,192","$152,530","$255,391",Release Date: 28 May 2010 (Italy),"10,845",0,0,0,0,"102,861"
tt1316622,Wrecked (2010),(2010),R,91min,"Adventure,Drama,Mystery",,"$2,054","$8,020","$229,532",Release Date: 10 June 2011 (Turkey),0,0,0,0,0,"221,512"
tt1517177,3 (2010),(2010),Unrated,119min,"Comedy,Drama,Romance",,"$9,821","$59,954","$3,292,553",Release Date: 23 December 2010 (Germany),0,0,0,"465,622",0,"3,232,599"
tt1291549,Meet Monica Velour (2010),(2010),R,96min,"Comedy,Drama,Romance","$5,000,000","$7,438","$33,042","$33,042",Release Date: April 2010 (USA),0,0,0,0,0,0
tt1434443,R (2010),(2010),Unrated,99min,"Crime,Drama","kr4,755,000",,,"$411,097","Also Known As: R - Slå först, slå hårdast",0,0,0,0,0,"411,097"
tt0878835,Please Give (2010),(2010),R,87min,"Comedy,Drama","$3,000,000","$118,123","$4,033,574","$4,313,085",Release Date: 18 June 2010 (USA),0,0,0,0,0,"279,511"
tt1274296,Listen to Your Heart (2010),(2010),NotRated,102min,"Drama,Music,Romance",,,,"$23,148",Release Date: 4 May 2011 (South Korea),0,0,0,0,0,"23,148"
tt1307873,The Big Bang (2010),(2010),R,101min,"Action,Mystery,Thriller","$17,000,000",,,"$154,728",Release Date: 3 February 2011 (Bahrain),0,0,0,0,0,"154,728"
tt1193507,My Own Love Song (2010),(2010),PG-13,102min,"Comedy,Drama","$16,000,000",,,"$300,849",Release Date: 18 May 2012 (Taiwan),0,0,0,0,0,"300,849"
tt1196340,Inhale (2010),(2010),R,83min,"Drama,Thriller","$10,000,000","$3,030","$4,115","$55,089",Release Date: 22 October 2010 (Iceland),0,0,0,0,0,"50,974"
tt1462054,Letters to God (2010),(2010),PG,110min,"Drama,Family","$3,000,000","$1,088,873","$2,848,578","$3,269,546",Release Date: 9 April 2010 (USA),"22,362",0,0,0,"20,534","420,968"
tt1686039,Five Minarets in New York (2010),(2010),NotRated,119min,"Action,Drama","$5,000,000",,,"$23,423,390",Release Date: 5 November 2010 (Turkey),0,0,0,0,0,"23,423,390"
tt1549571,Pure Country 2: The Gift (2010),(2010),PG,112min,"Drama,Music,Musical",,,"$133,771","$133,771",Release Date: 15 October 2010 (USA),0,0,0,0,0,0
tt1587729,71: Into the Fire (2010),(2010),NotRated,120min,"Action,Drama,War","$10,000,000","$77,161","$176,638","$20,967,660",Release Date: 16 June 2010 (South Korea),0,0,0,0,"63,345","20,791,022"
tt1470024,"Tuesday, After Christmas (2010)",(2010),Unrated,99min,"Drama,Romance",,"$6,472","$27,813","$28,612",Release Date: 17 September 2010 (Romania),0,0,0,0,0,799
tt1433810,Dhobi Ghat (2010),(2010),TV-14,100min,Drama,"रू102,000,000","$365,297","$576,639","$678,715",Release Date: 2 November 2012 (Taiwan),0,0,0,"22,936",0,"102,076"
tt1576440,Good Neighbours (2010),(2010),R,99min,"Drama,Thriller",,"$2,953","$7,072","$7,072",Also Known As: O Suspeito Mora ao Lado,0,0,0,0,0,0
tt1667838,I Hate Luv Storys (2010),(2010),NotRated,129min,"Comedy,Drama,Romance","रू100,000,000","$375,297","$847,993","$15,719,212",Release Date: 2 July 2010 (India),0,0,0,"26,676",0,"14,871,219"
tt1451797,Rann (2010),(2010),NotRated,137min,"Drama,Mystery,Thriller",,,,"$1,146",Release Date: 29 January 2010 (India),0,0,0,0,0,"1,146"
tt1599975,The Princess of Montpensier (2010),(2010),NotRated,139min,"Action,Drama,History",,"$23,456","$352,428","$6,775,121",Release Date: 3 November 2010 (France),0,0,0,0,0,"6,422,693"
tt1381505,Father of Invention (2010),(2010),PG-13,93min,"Comedy,Drama",,,,"$97,778",Also Known As: Daddy's Home,0,0,0,0,0,"97,778"
tt1319718,Little Big Soldier (2010),(2010),PG-13,96min,"Action,Adventure,Comedy","$25,000,000",,,"$5,185,790",Release Date: 25 February 2010 (Taiwan),"29,515",0,"245,586","1,512,361","1,228,469","5,185,790"
tt1278379,Jack Goes Boating (2010),(2010),R,91min,"Drama,Romance",,"$28,916","$541,992","$783,297",Release Date: 29 December 2010 (France),0,0,0,0,0,"241,305"
tt1620719,Dabangg (2010),(2010),NotRated,126min,"Action,Crime,Thriller","$9,370,000","$628,137","$1,288,549","$2,942,554",Release Date: 21 October 2011 (Taiwan),0,0,0,"48,117",0,"1,654,005"
tt1341341,Ceremony (2010),(2010),R,89min,"Comedy,Romance",,"$6,920","$22,270","$48,174",Release Date: 16 June 2011 (Thailand),0,0,0,0,0,"25,904"
tt1270277,Sympathy for Delicious (2010),(2010),R,96min,Drama,,"$9,448","$13,826","$13,826",Release Date: 30 April 2011 (Japan),0,0,0,0,0,0
tt1235830,Chico & Rita (2010),(2010),NotRated,94min,"Animation,Crime,Drama","€9,200,000","$20,654","$350,524","$2,234,457",Release Date: 19 November 2010 (UK),0,0,0,0,0,"1,883,933"
tt1288376,When We Leave (2010),(2010),Unrated,119min,Drama,,"$6,018","$19,631","$1,196,469",Release Date: 11 March 2010 (Germany),0,0,0,0,0,"1,176,838"
tt1343703,Fortress of War (2010),(2010),NotRated,138min,"Action,Drama,History",,,,"$4,569,371",Release Date: 4 November 2010 (Belarus),0,0,0,0,0,"4,569,371"
tt1560970,Neds (2010),(2010),TV-14,124min,Drama,"£4,000,000",,,"$1,898,824",Release Date: 21 January 2011 (UK),0,0,0,0,0,"1,898,824"
tt1212454,An Invisible Sign (2010),(2010),PG-13,96min,"Comedy,Drama,Family",,,"$1,279","$51,138",Also Known As: An 1nvisible Si6n,0,0,0,0,0,"49,859"
tt1530983,Red Hill (2010),(2010),R,95min,"Thriller,Western",,"$8,650","$21,087","$321,423",Also Known As: Busca Sangrenta,0,0,0,0,0,"300,336"
tt1561768,Essential Killing (2010),(2010),R,83min,"Thriller,War","€3,167,000",,,"$329,108",Release Date: 22 October 2010 (Poland),0,0,0,0,0,"329,108"
tt1143896,Holy Rollers (2010),(2010),R,89min,"Biography,Crime,Drama","$1,000,000","$39,685","$303,064","$608,027",Release Date: 23 December 2010 (Israel),0,0,0,0,0,"304,963"
tt1396208,Action Replay (2010),(2010),NotRated,129min,"Comedy,Romance,Sci-Fi",,,,"$446,641",Release Date: 5 November 2010 (India),0,0,0,"25,371",0,"446,641"
tt0326965,In My Sleep (2010),(2010),PG-13,104min,"Drama,Mystery,Thriller","$1,000,000","$9,285","$30,158","$30,158",Release Date: 23 April 2010 (USA),0,0,0,0,0,0
tt1366409,Miral (2010),(2010),R,112min,"Drama,History",,"$66,244","$373,420","$900,647",Release Date: 3 September 2010 (Italy),0,0,0,0,"5,280","527,227"
tt1651328,Our Day Will Come (2010),(2010),NotRated,90min,Drama,,,,"$3,528",Release Date: 15 September 2010 (France),0,0,0,0,0,"3,528"
tt1563704,Legendary (2010),(2010),PG-13,107min,"Drama,Sport",,"$126,964","$200,393","$200,393",Release Date: 9 September 2010 (Kuwait),0,0,0,0,0,0
tt1320296,Shank (2010),(2010),Unrated,90min,"Action,Comedy,Crime","£385,000",,,"$713,697",Release Date: 26 March 2010 (UK),0,0,0,0,0,"713,697"
tt1610452,Band Baaja Baaraat (2010),(2010),NotRated,139min,"Comedy,Drama,Romance",,"$43,820","$43,820","$104,532",Release Date: 10 December 2010 (India),0,0,0,0,0,"60,712"
tt1446208,Ways to Live Forever (2010),(2010),PG-13,90min,"Drama,Family","$4,000,000",,,"$164,720",Release Date: 21 October 2011 (Taiwan),0,0,0,0,0,"164,720"
tt1545315,Needle (2010),(2010),R,90min,"Horror,Mystery,Thriller","$3,000,000",,,"$259,185",Release Date: 29 July 2011 (Turkey),0,0,0,0,0,"259,185"
tt1573072,Housefull (2010),(2010),NotRated,144min,Comedy,,"$642,156","$1,183,658","$2,340,550",Release Date: 30 April 2010 (India),0,0,0,"38,316",0,"1,156,892"
tt1677561,Colourful (2010),(2010),TV-14,126min,"Animation,Drama,Fantasy",,,,"$3,921,769",Release Date: 4 January 2019 (Taiwan),0,0,0,0,0,"3,921,769"
tt1301990,Every Day (2010),(2010),R,93min,"Comedy,Drama,Romance","$3,000,000","$9,857","$46,029","$46,029",Release Date: 24 April 2010 (USA),0,0,0,0,0,0
tt1185412,Veer (2010),(2010),NotRated,169min,"Action,Adventure,Drama",,"$334,562","$527,193","$804,462",Also Known As: Veer - Die Liebe eines Kriegers,0,0,0,"15,965",0,"277,269"
tt1587119,Dear Prudence (2010),(2010),R,80min,Drama,,,,"$96,391",Also Known As: Dear Prudence,0,0,0,0,0,"96,391"
tt1278449,Sound of Noise (2010),(2010),R,102min,"Comedy,Crime,Music","€4,000,000","$5,877","$24,565","$241,072",Release Date: 20 May 2011 (Taiwan),"49,059",0,0,0,0,"216,507"
tt1129396,Radio Free Albemuth (2010),(2010),R,111min,"Drama,Sci-Fi","$3,600,000","$5,553","$9,365","$9,365",Release Date: 27 June 2014 (USA),0,0,0,0,0,0
tt1454523,Black Bread (2010),(2010),Unrated,108min,"Crime,Drama","$6,000,000",,,"$3,410,813",Release Date: 15 October 2010 (Spain),0,0,0,0,0,"3,410,813"
tt0984210,Multiple Sarcasms (2010),(2010),R,97min,Drama,"$2,500,000","$16,025","$29,731","$29,731",Release Date: 8 April 2010 (USA),0,0,0,0,0,0
tt0790663,The First Grader (2010),(2010),PG-13,103min,"Biography,Drama,Romance",,"$20,437","$332,000","$757,163",Release Date: 23 November 2012 (Taiwan),0,0,"37,581",0,"26,983","425,163"
tt1426320,BearCity (2010),(2010),NotRated,104min,"Comedy,Romance",,"$5,980","$6,000","$6,000",Release Date: 11 June 2010 (USA),0,0,0,0,0,0
tt1528313,Nothing to Declare (2010),(2010),NotRated,108min,Comedy,,,,"$90,000,000",Also Known As: Nada que declarar,0,0,0,0,0,"90,000,000"
tt1103273,Peep World (2010),(2010),R,79min,"Comedy,Drama",,"$6,702","$14,351","$14,351",Release Date: 30 November 2012 (Taiwan),0,0,0,0,0,0
tt1428459,We Are Family (2010),(2010),NotRated,115min,"Drama,Family",,"$296,907","$638,144","$1,106,491",Release Date: 3 September 2010 (India),"75,421",0,0,"62,694",0,"468,347"
tt1583356,Rammbock (2010),(2010),R,63min,"Action,Drama,Horror",,,,"$12,699",Release Date: 9 September 2010 (Germany),0,0,0,0,0,"12,699"
tt1371160,The Kid (2010),(2010),NotRated,111min,Drama,,,,"$10,062",Release Date: 17 September 2010 (UK),0,0,0,0,0,"10,062"
tt1467388,Our Home (2010),(2010),NotRated,103min,"Drama,Fantasy","$12,000,000",,,"$21,225,527",Release Date: 3 September 2010 (Brazil),0,0,0,0,0,"21,225,527"
tt1602476,Badmaa$h Company (2010),(2010),NotRated,142min,"Comedy,Crime,Drama",,,,"$64,398",Release Date: 7 May 2010 (India),0,0,0,0,0,"64,398"
tt1611944,Girl$ (2010),(2010),TV-MA,105min,Drama,,,,"$353,367",Also Known As: Girl$,0,0,"246,766",0,"106,601","353,367"
tt1282041,Anton Chekhov's The Duel (2010),(2010),NotRated,95min,Drama,,,,"$103,295",Release Date: 28 April 2010 (USA),0,0,0,0,0,"103,295"
tt1167675,Saint (2010),(2010),NotRated,85min,Horror,,,,"$3,797,890",Release Date: 11 November 2010 (Netherlands),0,0,0,0,0,"3,797,890"
tt1296077,Sennentuntschi: Curse of the Alps (2010),(2010),NotRated,115min,"Horror,Mystery",,,,"$34,991",Release Date: 8 September 2011 (Austria),0,0,0,0,0,"34,991"
tt1754568,Day and Night (2010),(2010),NotRated,101min,Drama,,,,"$125,917",Release Date: 8 October 2010 (Austria),0,0,0,0,0,"125,917"
tt1393746,Aftershock (2010),(2010),NotRated,135min,Drama,"$25,000,000","$19,329","$62,962","$100,297,064",Release Date: 20 August 2010 (Taiwan),"413,373","96,569,846","1,953,803","99,384","598,718","100,234,102"
tt1620449,Animals United (2010),(2010),PG,93min,"Animation,Adventure,Comedy",,,,"$51,424,548",Release Date: 7 October 2010 (Germany),0,0,0,0,"103,597","51,424,548"
tt1509130,Janie Jones (2010),(2010),NotRated,114min,"Biography,Drama,Music","$3,000,000",,"$6,840","$6,840",Release Date: 17 September 2010 (Canada),0,0,0,0,0,0
tt1414378,Tracker (2010),(2010),R,102min,"Action,Adventure,Drama","$6,500,000",,,"$54,437",Release Date: 29 April 2011 (UK),0,0,0,0,0,"54,437"
tt1502714,Monogamy (2010),(2010),Unrated,96min,"Drama,Romance","$5,000,000","$4,476","$21,527","$21,527","Budget:$5,000,000",0,0,0,0,0,0
tt1537401,Leap Year (2010),(2010),Unrated,94min,"Drama,Romance",,"$2,727","$12,979","$188,242",Also Known As: An bisect,0,0,0,0,0,"175,263"
tt1673702,A Cat in Paris (2010),(2010),PG,70min,"Animation,Adventure,Comedy",,"$34,554","$309,973","$1,649,422",Release Date: 15 December 2010 (France),0,0,0,0,0,"1,339,449"
tt1542852,Carancho (2010),(2010),Unrated,107min,"Crime,Drama,Romance",,"$15,810","$85,526","$3,975,115",Release Date: 6 May 2010 (Argentina),195,0,0,0,0,"3,889,589"
tt1787758,Mad Bastards (2010),(2010),NotRated,94min,Drama,,,,"$286,531",Filming Locations:,0,0,0,0,0,"286,531"
tt1690470,Pokémon: Zoroark: Master of Illusions (2010),(2010),NotRated,96min,"Animation,Action,Family",,,,"$71,143,529",Also Known As: Pokémon: Zoroark: Master of Illusions,"50,595",0,0,0,0,"71,143,529"
tt1496005,The Tree (I) (2010),(I),NotRated,100min,"Drama,Romance","€7,740,000","$4,983","$71,158","$2,219,182",Release Date: 2 February 2011 (Taiwan),"3,743",0,"18,793",0,0,"2,148,024"
tt1229381,Outside the Law (2010),(2010),Unrated,138min,"Crime,Drama,War","€20,000,000",,"$96,933","$3,395,713",Release Date: 22 September 2010 (France),0,0,0,0,0,"3,298,780"
tt1196134,Crazy on the Outside (2010),(2010),PG-13,96min,"Comedy,Crime",,"$64,438","$88,335","$88,335",Release Date: 8 January 2010 (USA),0,0,0,0,0,0
tt1521848,Potiche (2010),(2010),R,103min,Comedy,,"$86,017","$1,618,844","$54,294,578",Release Date: 10 November 2010 (France),0,0,0,0,0,"52,675,734"
tt1477109,Space Battleship Yamato (2010),(2010),TV-14,138min,"Action,Adventure,Drama","$12,000,000",,,"$49,670,273",Release Date: 31 December 2010 (Taiwan),"104,073",0,"353,953",0,"157,025","49,670,273"
tt1264115,The Trial (2010),(2010),PG-13,101min,"Drama,Mystery",,"$8,957","$19,753","$19,753",Release Date: 10 September 2010 (USA),0,0,0,0,0,0
tt1417582,Among Wolves (2010),(2010),TV-PG,113min,Drama,"€5,000,000",,,"$6,834,680",Also Known As: Among Wolves,0,0,0,0,0,"6,834,680"
tt1618421,White Lion (2010),(2010),PG,88min,"Drama,Family","R40,000,000",,,"$99,635",Release Date: 19 February 2010 (South Africa),0,0,0,0,0,"99,635"
tt1130964,The 5th Quarter (2010),(2010),PG,90min,"Biography,Drama,Sport","$6,000,000","$202,342","$408,159","$408,159",Release Date: 25 March 2011 (USA),0,0,0,0,0,0
tt1545759,Point Blank (2010),(2010),R,81min,"Action,Crime,Drama","$16,000,000","$41,031","$708,215","$9,230,157",Release Date: 1 December 2010 (France),0,0,"15,792",0,"16,283","8,521,942"
tt1805297,The Women on the 6th Floor (2010),(2010),NotRated,102min,Comedy,"€7,000,000","$26,200","$719,823","$23,267,311",Release Date: 16 February 2011 (France),0,0,0,0,0,"22,547,488"
tt1905059,The Servant (2010),(2010),PG-13,124min,"Comedy,Drama,Romance",,,,"$19,259,164",Also Known As: A Story of Bang-ja,"2,500",0,0,0,0,"19,259,164"
tt1365483,Main Street (2010),(2010),PG,92min,Drama,"$10,000,000","$1,553","$2,560","$26,011",Release Date: 26 July 2012 (Kuwait),0,0,0,0,0,"23,451"
tt1094666,The Hammer (2010),(2010),PG-13,108min,"Biography,Drama,Sport",,,,"$30,929",Release Date: 27 October 2011 (USA),0,0,"30,929",0,0,"30,929"
tt1270296,The Killing Jar (2010),(2010),R,92min,"Crime,Mystery,Thriller","$400,000",,,"$2,339",Release Date: January 2010 (USA),0,0,0,0,0,"2,339"
tt1703049,Trigun: Badlands Rumble (2010),(2010),TV-14,90min,"Animation,Action,Sci-Fi",,"$29,201","$62,027","$193,458",Release Date: 24 April 2010 (Japan),0,0,0,0,0,"131,431"
tt1542482,Late Autumn (2010),(2010),PG-13,116min,Drama,,,,"$5,737,647",Also Known As: Late Autumn,0,0,"130,053",0,0,"5,737,647"
tt1259570,Neon Flesh (2010),(2010),NotRated,98min,"Comedy,Thriller",,,,"$1,176,915",Also Known As: Neon Flesh,0,0,0,0,0,"1,176,915"
tt1361828,Max Schmeling (2010),(2010),NotRated,123min,"Biography,Drama,Sport","$3,000,000",,,"$96,456",Release Date: 7 October 2010 (Germany),0,0,0,0,0,"96,456"
tt1650433,Sura (2010),(2010),NotRated,159min,Action,,,,"$897,497",Also Known As: Shark,0,0,0,"897,497",0,"897,497"
tt1454505,Lapland Odyssey (2010),(2010),NotRated,92min,"Comedy,Drama,Romance","€1,700,000",,,"$4,764,133",Release Date: 15 October 2010 (Finland),0,0,0,0,0,"4,764,133"
tt1560987,The Trouble with Terkel (2010),(2010),R,87min,"Animation,Comedy,Drama","$1,000,000","$32,784","$110,289","$110,289",Filming Locations:,0,0,0,0,0,0
tt1440180,Young Goethe in Love (2010),(2010),NotRated,102min,"Drama,Romance","€3,000,000","$17,143","$162,138","$5,788,728",Release Date: 14 October 2010 (Germany),0,0,0,0,0,"5,626,590"
tt1361313,The Extra Man (2010),(2010),R,108min,Comedy,"$7,000,000","$18,861","$453,377","$457,867",Release Date: 27 January 2011 (Greece),0,0,0,0,0,"4,490"
tt1499201,Anjaana Anjaani (2010),(2010),NotRated,151min,"Comedy,Drama,Musical",,"$517,608","$854,757","$1,615,888",Also Known As: Necunoscuta,0,0,0,"26,166",0,"761,131"
tt1421048,Bloodworth (2010),(2010),R,105min,"Drama,Romance",,"$9,612","$12,971","$12,971",Release Date: 20 May 2011 (USA),0,0,0,0,0,0
tt1558578,Knock Out (2010),(2010),NotRated,117min,"Action,Crime,Drama",,,,"$117,987",Also Known As: Телефонная будка,0,0,0,0,0,"117,987"
tt1424003,The Infidel (2010),(2010),TV-PG,105min,"Comedy,Drama",,,,"$897,310",Release Date: 4 June 2010 (Ireland),0,0,0,"21,779","73,527","897,310"
tt1386925,The Dead (2010),(2010),R,105min,Horror,,,,"$4,891",Release Date: 30 August 2010 (UK),0,0,0,0,0,"4,891"
tt1646973,The Silent House (2010),(2010),NotRated,86min,"Adventure,Drama,Horror","$6,000",,,"$517,365",Release Date: 6 May 2011 (Taiwan),0,0,0,0,0,"517,365"
tt1467273,The First Beautiful Thing (2010),(2010),NotRated,122min,"Comedy,Drama","€7,788,176",,,"$10,569,178",Release Date: 15 January 2010 (Italy),0,0,0,0,0,"10,569,178"
tt1695994,The Virginity Hit (2010),(2010),R,86min,Comedy,"$2,000,000","$301,885","$636,706","$636,706",Release Date: 24 September 2010 (USA),0,0,0,0,0,0
tt1535491,The Secret Reunion (2010),(2010),NotRated,117min,"Action,Drama",,,,"$36,298,578",Release Date: 4 February 2010 (South Korea),0,0,0,0,0,"36,298,578"
tt0915463,Jackboots on Whitehall (2010),(2010),NotRated,91min,"Animation,Comedy,Sci-Fi","$6,000,000",,,"$7,526",Release Date: 8 October 2010 (UK),0,0,0,0,0,"7,526"
tt1455811,Khatta Meetha (2010),(2010),NotRated,157min,"Action,Comedy,Crime",,"$309,211","$541,904","$1,040,814",Release Date: 23 July 2010 (India),0,0,0,"20,510",0,"498,910"
tt1544600,The Grace Card (2010),(2010),PG-13,101min,Drama,"$200,000","$1,040,000","$2,430,735","$2,430,735",Release Date: 25 February 2011 (USA),0,0,0,0,0,0
tt1562847,Amigo (2010),(2010),R,124min,"Drama,War","$1,500,000","$37,324","$184,705","$184,705",Release Date: 6 July 2011 (Philippines),0,0,0,0,0,0
tt1189006,Toonpur Ka Superrhero (2010),(2010),NotRated,95min,"Animation,Action,Adventure",,,,"$17,505",Release Date: 24 December 2010 (India),0,0,0,"2,163",0,"17,505"
tt1825955,Midnight FM (2010),(2010),NotRated,106min,"Action,Crime,Thriller","￦7,000,000,000",,,"$8,171,078",Also Known As: Midnight FM,0,0,0,0,0,"8,171,078"
tt1236371,Mysteries of Lisbon (2010),(2010),NotRated,272min,"Drama,Mystery,Romance","€2,500,000","$12,308","$110,507","$211,363",Release Date: 11 March 2011 (Taiwan),0,0,0,0,0,"100,856"
tt0997035,Bibliothèque Pascal (2010),(2010),Unrated,105min,Drama,,,,"$29,051",Also Known As: Biblioteca Pascal,0,0,0,0,0,"29,051"
tt1183917,Teen Patti (2010),(2010),NotRated,142min,"Crime,Drama,Thriller","रू250,000,000",,,"$17,311",Release Date: 26 February 2010 (India),0,0,0,"14,457",0,"17,311"
tt1706414,The Edge (2010),(2010),NotRated,124min,"Adventure,Drama,History","$11,000,000",,,"$5,380,142",Also Known As: The Edge,0,0,0,0,0,"5,380,142"
tt1708453,Aakrosh (2010),(2010),NotRated,115min,"Action,Crime,Thriller",,,,"$5,148",Release Date: 15 October 2010 (India),0,0,0,0,0,"5,148"
tt1606636,Moomins and the Comet Chase (2010),(2010),TV-PG,75min,"Animation,Adventure,Family","€9,300,000",,,"$618,307",Release Date: 6 August 2010 (Finland),0,0,0,0,0,"618,307"
tt1498858,Ocean Heaven (2010),(2010),NotRated,96min,Drama,,,,"$614,516",Release Date: 27 August 2010 (Taiwan),"226,948",0,"340,729","16,155","32,487","614,516"
tt1571724,Honey (2010),(2010),NotRated,103min,Drama,"€1,250,000",,,"$1,326,639",Release Date: 9 April 2010 (Turkey),0,0,0,0,0,"1,326,639"
tt1540761,Amphibious Creature of the Deep (2010),(2010),R,83min,"Action,Adventure,Comedy",,,,"$78,506",Release Date: October 2011 (Indonesia),0,0,0,0,0,"78,506"
tt1753640,Crook: It's Good to Be Bad (2010),(2010),NotRated,121min,"Action,Drama,Thriller","$3,000,000",,,"$27,345",Release Date: 8 October 2010 (India),0,0,0,0,0,"27,345"
tt1726738,Sacrifice (2010),(2010),R,122min,"Drama,History","$10,000,000","$15,243","$29,792","$29,093,560",Release Date: 18 December 2010 (China),"34,146","28,889,962","38,677","9,528",0,"29,063,768"
tt1584131,The Last Godfather (2010),(2010),PG-13,100min,"Comedy,Crime,Romance","$13,400,000","$101,779","$164,247","$16,750,830",Release Date: 29 December 2010 (South Korea),0,0,0,0,0,"16,586,583"
tt1590024,"If I Want to Whistle, I Whistle (2010)",(2010),Unrated,94min,Drama,,"$2,999","$12,135","$231,679",Release Date: 26 March 2010 (Romania),0,0,0,0,0,"219,544"
tt1646114,My Joy (2010),(2010),NotRated,127min,"Adventure,Drama",,"$2,077","$6,298","$56,857",Release Date: 3 February 2011 (Germany),0,0,0,0,0,"50,559"
tt1351224,Pyaar Impossible! (2010),(2010),NotRated,140min,"Comedy,Romance",,,,"$29,117",Release Date: 8 January 2010 (India),0,0,0,0,0,"29,117"
tt1905010,Yamada: Samurai of Ayothaya (2010),(2010),NotRated,100min,"Action,Drama,History","฿100,000,000",,,"$276,038",Also Known As: Muay Thai Warrior,0,0,0,0,0,"276,038"
tt1620604,We Are What We Are (2010),(2010),NotRated,90min,"Drama,Horror",,,,"$334,719",Release Date: 3 December 2010 (Mexico),0,0,0,0,"6,540","334,719"
