id,name,year,classification,runtime,genres,budget,opening_weekend,gross_na,gross_g,release_date,gross_tw,gross_cn,gross_hk,gross_my,gross_sg,gross_xndom,release_date_USA,Genre,Director,Writer,Actors,Language,Awards,Country,Production,imdbVotes,IMDBscore,TomatoesScore,Metascore
tt6865690,The Professor,(2018),R,90min,"Comedy,Drama",,,,"$48,449",Also Known As: Arrivederci professore,0,0,0,0,0,"48,449",17 May 2019,"Comedy, Drama",Wayne Roberts,Wayne Roberts,"Johnny Depp, Rosemarie DeWitt, Odessa Young, Danny Huston",English,N/A,USA,Saban Films,"2,521",0.69,,0.38
tt1477834,Aquaman,(2018),PG-13,143min,"Action,Adventure,Fantasy","$160,000,000","$67,873,522","$335,061,807","$1,147,761,807",Release Date: 12 December 2018 (Taiwan),"15,300,000","298,333,496","10,000,000","9,600,000",0,"812,700,000",21 Dec 2018,"Action, Adventure, Fantasy, Sci-Fi",James Wan,"David Leslie Johnson-McGoldrick (screenplay by), Will Beall (screenplay by), Geoff Johns (story by), James Wan (story by), Will Beall (story by), Paul Norris (Aquaman created by), Mort Weisinger (Aquaman created by)","Jason Momoa, Amber Heard, Willem Dafoe, Patrick Wilson",English,N/A,"Australia, USA",Warner Bros. Pictures,"255,943",0.71,0.65,0.55
tt4633694,Spider-Man: Into the Spider-Verse,(2018),PG,117min,"Animation,Action,Adventure","$90,000,000","$35,363,376","$190,241,310","$375,440,075",Release Date: 13 December 2018 (Taiwan),"1,460,778","62,897,624","1,738,803","1,362,460","1,429,904","185,198,765",14 Dec 2018,"Animation, Action, Adventure, Family, Sci-Fi","Bob Persichetti, Peter Ramsey, Rodney Rothman","Phil Lord (screenplay by), Rodney Rothman (screenplay by), Phil Lord (story by)","Shameik Moore, Jake Johnson, Hailee Steinfeld, Mahershala Ali","English, Spanish",N/A,USA,Sony Pictures,"189,646",0.85,0.97,0.87
tt2639336,Greta,(2018),R,98min,"Drama,Mystery,Thriller",,"$4,481,910","$10,519,425","$15,513,698",Release Date: 1 March 2019 (USA),"183,084",0,"18,227",0,"10,317","4,994,273",01 Mar 2019,"Drama, Mystery, Thriller",Neil Jordan,"Ray Wright (screenplay by), Neil Jordan (screenplay by), Ray Wright (story by)","Isabelle Huppert, Chloë Grace Moretz, Maika Monroe, Jane Perry",English,N/A,"Ireland, USA",N/A,"4,470",0.62,,0.54
tt5952138,We Have Always Lived in the Castle,(2018),NotRated,90min,"Drama,Mystery,Thriller",,,,"$3,682",Also Known As: Mes visada gyvenome pilyje,0,0,0,0,0,"3,682",17 May 2019,"Drama, Mystery, Thriller",Stacie Passon,"Mark Kruger (screenplay by), Shirley Jackson (based on the novel by)","Patrick Joseph Byrnes, Una Carroll, Peter Coonan, Joanne Crawford",English,N/A,USA,Brainstorm Media,114,0.69,,
tt1727824,Bohemian Rhapsody,(2018),PG-13,134min,"Biography,Drama,Music","$52,000,000","$51,061,119","$216,428,042","$903,655,259",Release Date: 2 November 2018 (Taiwan),0,"13,980,037","1,043,815",0,0,"687,227,217",02 Nov 2018,"Biography, Drama, Music",Bryan Singer,"Anthony McCarten (story by), Peter Morgan (story by), Anthony McCarten (screenplay by)","Rami Malek, Lucy Boynton, Gwilym Lee, Ben Hardy",English,N/A,"UK, USA",20th Century Fox,"330,304",0.81,0.61,0.49
tt1034415,Suspiria,(I),R,152min,"Fantasy,Horror,Mystery","$20,000,000","$184,037","$2,483,472","$7,903,286",Release Date: 11 January 2019 (Taiwan),"92,575",0,"18,334",0,"2,792","5,419,814",02 Nov 2018,"Fantasy, Horror, Mystery, Thriller",Luca Guadagnino,"Dario Argento (characters), Daria Nicolodi (characters), David Kajganich (screenplay)","Chloë Grace Moretz, Tilda Swinton, Doris Hick, Malgorzata Bela","English, German, French, Russian",N/A,"Italy, USA",Amazon Studios,"34,265",0.68,0.66,0.64
tt7959026,The Mule,(2018),R,116min,"Crime,Drama,Thriller","$50,000,000","$17,509,431","$103,804,407","$172,504,407",Release Date: 14 December 2018 (USA),"502,000",0,"143,000",0,0,"68,700,000",14 Dec 2018,"Crime, Drama, Thriller",Clint Eastwood,"Sam Dolnick (inspired by the New York Times Magazine Article ""The Sinaloa Cartel's 90-Year Old Drug Mule"" by), Nick Schenk","Clint Eastwood, Patrick L. Reyes, Cesar De León, Gustavo Muñoz","English, Spanish",N/A,USA,Warner Bros. Pictures,"55,576",0.71,0.7,0.58
tt6966692,Green Book,(2018),PG-13,130min,"Biography,Comedy,Drama","$23,000,000","$320,429","$85,080,171","$319,737,361",Release Date: 25 January 2019 (Taiwan),"1,406,474","71,039,621","1,929,389",0,"299,368","234,657,190",16 Nov 2018,"Biography, Comedy, Drama, Music",Peter Farrelly,"Nick Vallelonga, Brian Hayes Currie, Peter Farrelly","Viggo Mortensen, Mahershala Ali, Linda Cardellini, Sebastian Maniscalco","English, Italian, Russian, German",N/A,USA,Universal Pictures,"192,369",0.83,0.78,0.69
tt3829266,The Predator,(2018),R,107min,"Action,Adventure,Sci-Fi","$88,000,000","$24,632,284","$51,024,708","$160,542,134",Release Date: 14 September 2018 (Taiwan),"658,422","31,230,913","1,955,963","1,664,734",0,"109,517,426",14 Sep 2018,"Action, Adventure, Sci-Fi, Thriller",Shane Black,"Fred Dekker, Shane Black, Jim Thomas (based on characters created by), John Thomas (based on characters created by)","Boyd Holbrook, Trevante Rhodes, Jacob Tremblay, Keegan-Michael Key","English, Spanish",N/A,"Canada, USA",20th Century Fox,"91,219",0.54,0.32,0.48
tt3104988,Crazy Rich Asians,(2018),PG-13,120min,"Comedy,Romance","$30,000,000","$26,510,140","$174,532,921","$238,532,921",Release Date: 24 August 2018 (Taiwan),"2,100,000","1,650,573","2,000,000",0,0,"64,000,000",15 Aug 2018,"Comedy, Romance",Jon M. Chu,"Peter Chiarelli (screenplay by), Adele Lim (screenplay by), Kevin Kwan (based on the novel ""Crazy Rich Asians"" by)","Constance Wu, Henry Golding, Michelle Yeoh, Gemma Chan","English, Mandarin, Cantonese, Hokkien, French, Malay",N/A,USA,Warner Bros. Pictures,"92,852",0.7,0.91,0.74
tt4912910,Mission: Impossible - Fallout,(2018),PG-13,147min,"Action,Adventure,Thriller","$178,000,000","$61,236,534","$220,159,104","$791,115,104",Release Date: 25 July 2018 (Taiwan),"14,591,895","181,184,137","8,110,302","6,311,700","5,406,019","570,956,000",27 Jul 2018,"Action, Adventure, Thriller",Christopher McQuarrie,"Bruce Geller (based on the television series created by), Christopher McQuarrie","Tom Cruise, Henry Cavill, Ving Rhames, Simon Pegg","English, French",N/A,"USA, China, France, Norway",Paramount Pictures,"228,420",0.78,0.97,0.86
tt1517451,A Star Is Born,(2018),R,136min,"Drama,Music,Romance","$36,000,000","$42,908,051","$215,288,866","$434,188,866",Release Date: 9 October 2018 (Taiwan),"5,300,000",0,"2,300,000",0,0,"218,900,000",05 Oct 2018,"Drama, Music, Romance",Bradley Cooper,"Eric Roth (screenplay by), Bradley Cooper (screenplay by), Will Fetters (screenplay by), Moss Hart (based on the 1954 screenplay by), John Gregory Dunne (based on the 1976 screenplay by), Joan Didion (based on the 1976 screenplay by), Frank Pierson (based on the 1976 screenplay by), William A. Wellman (based on a story by), Robert Carson (based on a story by)","Lady Gaga, Bradley Cooper, Sam Elliott, Andrew Dice Clay",English,1 nomination.,USA,Warner Bros. Pictures,"244,455",0.78,0.89,0.88
tt6182908,Smallfoot,(2018),PG,96min,"Animation,Adventure,Comedy","$80,000,000","$23,045,635","$83,240,103","$214,140,103",Release Date: 28 September 2018 (Taiwan),"677,000","10,808,893","399,000",0,0,"130,900,000",28 Sep 2018,"Animation, Adventure, Comedy, Family, Fantasy, Musical","Karey Kirkpatrick, Jason Reisig(co-director)","Karey Kirkpatrick (screenplay by), Clare Sera (screenplay by), John Requa (screen story by), Glenn Ficarra (screen story by), Karey Kirkpatrick (screen story by), Sergio Pablos (based on the book ""Yeti Tracks"" by), Sergio Pablos","Channing Tatum, James Corden, Zendaya, Common","English, Mandarin",N/A,USA,Warner Bros. Pictures,"22,148",0.67,0.76,0.6
tt6864046,Shadow,(2018),NotRated,116min,"Action,Drama,War","￥300,000,000","$27,474","$422,568","$91,609,546",Release Date: 20 December 2018 (Taiwan),0,"90,524,286",0,0,0,"91,186,978",30 Sep 2018,"Action, Drama, War",Yimou Zhang,"Wei Li (screenplay), Yimou Zhang (screenplay)","Chao Deng, Li Sun, Ryan Zheng, Qianyuan Wang",Mandarin,N/A,"China, Hong Kong",Well Go USA Entertainment,"2,790",0.7,0.93,0.8
tt4827558,High Life,(2018),R,113min,"Adventure,Drama,Mystery",,"$99,341","$1,225,852","$1,894,982",Release Date: 7 November 2018 (France),0,0,0,0,0,"669,130",12 Apr 2019,"Adventure, Drama, Mystery, Sci-Fi",Claire Denis,"Claire Denis, Jean-Pol Fargeau, Geoff Cox, Nick Laird (consultant)","Robert Pattinson, Juliette Binoche, André Benjamin, Mia Goth",English,N/A,"UK, France, Germany, Poland, USA",A24,"8,345",0.6,0.83,0.76
tt4701182,Bumblebee,(2018),PG-13,114min,"Action,Adventure,Sci-Fi","$135,000,000","$21,654,047","$127,195,589","$467,989,645",Release Date: 26 December 2018 (Taiwan),"5,067,093","170,846,880","3,657,113","7,087,765","3,790,379","340,794,056",21 Dec 2018,"Action, Adventure, Sci-Fi",Travis Knight,"Christina Hodson, Christina Hodson (story by)","Hailee Steinfeld, Jorge Lendeborg Jr., John Cena, Jason Drucker",English,N/A,"USA, China",Paramount Pictures,"85,531",0.69,0.92,0.66
tt6781982,Night School,(2018),PG-13,111min,Comedy,"$29,000,000","$27,257,615","$77,339,130","$103,104,949",Release Date: 28 September 2018 (USA),0,0,0,0,0,"25,765,819",28 Sep 2018,Comedy,Malcolm D. Lee,"Kevin Hart, Harry Ratchford, Joey Wells, Matthew Kellard, Nicholas Stoller, John Hamburg","Kevin Hart, Tiffany Haddish, Rob Riggle, Romany Malco","English, French, Spanish",N/A,USA,Universal Pictures,"21,595",0.56,0.27,0.43
tt5083738,The Favourite,(2018),R,119min,"Biography,Drama,History","$15,000,000","$422,410","$34,366,783","$95,918,706",Release Date: 25 January 2019 (Taiwan),"102,798",0,"353,149",0,0,"61,551,923",21 Dec 2018,"Biography, Drama, History",Yorgos Lanthimos,"Deborah Davis, Tony McNamara","Olivia Colman, Rachel Weisz, Emma Delves, Faye Daveney",English,N/A,"Ireland, UK, USA","Fox Searchlight Pictures, Film4 and Waypoint","114,631",0.76,0.93,0.9
tt4779682,The Meg,(2018),PG-13,113min,"Action,Horror,Sci-Fi","$130,000,000","$45,402,195","$145,443,742","$530,243,742",Release Date: 10 August 2018 (Taiwan),"5,300,000","153,033,208","2,500,000",0,0,"384,800,000",10 Aug 2018,"Action, Horror, Sci-Fi, Thriller",Jon Turteltaub,"Dean Georgaris (screenplay by), Jon Hoeber (screenplay by), Erich Hoeber (screenplay by), Steve Alten (based on the novel ""Meg"" by)","Jason Statham, Bingbing Li, Rainn Wilson, Cliff Curtis","English, Mandarin, Thai, Japanese",N/A,"USA, China",Warner Bros. Pictures,"109,781",0.57,0.46,0.46
tt5028340,Mary Poppins Returns,(2018),PG,130min,"Comedy,Family,Fantasy","$130,000,000","$23,523,121","$171,958,438","$349,482,411",Release Date: 1 February 2019 (Taiwan),"582,893",0,"1,067,788","643,793","858,227","177,523,973",19 Dec 2018,"Comedy, Family, Fantasy, Musical",Rob Marshall,"P.L. Travers (based upon the ""Mary Poppins"" stories by), David Magee (screen story by), Rob Marshall (screen story by), John DeLuca (screen story by), David Magee (screenplay by)","Emily Blunt, Lin-Manuel Miranda, Ben Whishaw, Emily Mortimer",English,N/A,USA,Walt Disney Pictures,"48,728",0.69,0.79,0.66
tt1270797,Venom,(2018),PG-13,112min,"Action,Sci-Fi,Thriller","$100,000,000","$80,255,756","$213,515,506","$855,002,841",Release Date: 3 October 2018 (Taiwan),"9,007,044","272,243,405","4,984,532","7,003,518","4,312,529","641,487,335",05 Oct 2018,"Action, Sci-Fi, Thriller",Ruben Fleischer,"Jeff Pinkner (screenplay by), Scott Rosenberg (screenplay by), Kelly Marcel (screenplay by), Jeff Pinkner (screen story by), Scott Rosenberg (screen story by), Todd McFarlane (Marvel's Venom Character created by), David Michelinie (Marvel's Venom Character created by)","Tom Hardy, Michelle Williams, Riz Ahmed, Scott Haze","English, Mandarin, Malay",N/A,"China, USA",Vis,"269,102",0.67,,0.35
tt6266538,Vice,(I),R,132min,"Biography,Comedy,Drama","$60,000,000","$7,768,371","$47,836,282","$76,073,488",Release Date: 27 February 2019 (Taiwan),0,0,"279,287",0,0,"28,237,206",25 Dec 2018,"Biography, Comedy, Drama",Adam McKay,Adam McKay,"Christian Bale, Amy Adams, Steve Carell, Sam Rockwell","English, Arabic",N/A,USA,Annapurna Pictures,"65,380",0.72,0.66,0.61
tt6911608,Mamma Mia! Here We Go Again,(2018),PG-13,114min,"Comedy,Musical,Romance","$75,000,000","$34,952,180","$120,634,935","$395,027,657",Release Date: 20 July 2018 (UK),"812,580","601,894","832,769","547,809","649,077","274,392,722",20 Jul 2018,"Comedy, Musical, Romance",Ol Parker,"Ol Parker, Richard Curtis (story by), Ol Parker (story by), Catherine Johnson (story by), Catherine Johnson (based on the original musical ""Mama Mia!"" written by), Judy Craymer (originally conceived by), ABBA (based on the songs of)","Amanda Seyfried, Andy Garcia, Celia Imrie, Lily James","English, French, Greek",N/A,"UK, USA",Universal Pictures,"57,859",0.68,0.81,0.6
tt4123430,Fantastic Beasts: The Crimes of Grindelwald,(2018),PG-13,134min,"Adventure,Family,Fantasy","$200,000,000","$62,163,104","$159,555,901","$653,655,901",Release Date: 15 November 2018 (Taiwan),"8,200,000","57,781,863","5,800,000",0,0,"494,100,000",16 Nov 2018,"Adventure, Family, Fantasy",David Yates,"J.K. Rowling, J.K. Rowling (based upon characters created by)","Johnny Depp, Kevin Guthrie, Carmen Ejogo, Wolf Roth","English, French",N/A,"UK, USA",Warner Bros. Pictures,"160,738",0.67,0.37,0.52
tt1759744,Charlie Says,(2018),R,104min,"Biography,Crime,Drama",,"$20,684","$40,685","$40,685",Release Date: 17 May 2019 (USA),0,0,0,0,0,0,17 May 2019,"Biography, Crime, Drama",Mary Harron,"Guinevere Turner, Karlene Faith (inspired by a book written by), Ed Sanders (inspired by a book written by)","Hannah Murray, Sosie Bacon, Suki Waterhouse, Annabeth Gish",English,N/A,USA,IFC Films,252,0.57,0.33,0.55
tt1571234,Mortal Engines,(2018),PG-13,128min,"Action,Adventure,Fantasy","$100,000,000","$7,559,850","$15,951,040","$83,657,140",Release Date: 6 December 2018 (Taiwan),"1,996,347","7,466,309","1,369,996","1,420,935","607,471","67,706,100",14 Dec 2018,"Action, Adventure, Fantasy, Sci-Fi, Thriller",Christian Rivers,"Fran Walsh (screenplay by), Philippa Boyens (screenplay by), Peter Jackson (screenplay by), Philip Reeve (based on the book by)","Hera Hilmar, Robert Sheehan, Hugo Weaving, Jihae",English,N/A,"USA, New Zealand",Universal Pictures,"68,366",0.61,0.26,0.44
tt5613484,Mid90s,(2018),R,85min,"Comedy,Drama",,"$258,157","$7,362,439","$9,033,368",Release Date: 26 October 2018 (USA),0,0,0,0,0,"1,670,929",26 Oct 2018,"Comedy, Drama",Jonah Hill,Jonah Hill,"Sunny Suljic, Katherine Waterston, Lucas Hedges, Na-kel Smith",English,N/A,USA,A24,"22,257",0.74,0.8,0.66
tt6491178,Dragged Across Concrete,(2018),R,159min,"Adventure,Crime,Drama","$15,000,000",,,"$622,271",Release Date: 22 March 2019 (USA),0,0,0,0,0,"622,271",22 Mar 2019,"Action, Crime, Drama, Thriller",S. Craig Zahler,S. Craig Zahler,"Mel Gibson, Vince Vaughn, Tory Kittles, Michael Jai White",English,N/A,"Canada, USA",Summit Entertainment,"14,771",0.71,0.73,0.6
tt6628394,Bad Times at the El Royale,(2018),R,141min,"Crime,Drama,Mystery","$32,000,000","$7,132,647","$17,839,115","$31,882,724",Release Date: 23 November 2018 (Taiwan),0,0,0,0,0,"14,043,609",12 Oct 2018,"Crime, Drama, Mystery, Thriller",Drew Goddard,Drew Goddard,"Jeff Bridges, Cynthia Erivo, Dakota Johnson, Jon Hamm",English,N/A,USA,20th Century Fox,"80,156",0.71,0.75,0.6
tt4154916,Replicas,(2018),PG-13,107min,"Drama,Sci-Fi,Thriller","$30,000,000","$2,375,325","$4,046,429","$9,003,136",Release Date: 11 January 2019 (Taiwan),0,"727,089",0,0,0,"4,956,707",11 Jan 2019,"Drama, Sci-Fi, Thriller",Jeffrey Nachmanoff,"Chad St. John (screenplay by), Stephen Hamel (story by)","Keanu Reeves, Alice Eve, Thomas Middleditch, John Ortiz",English,N/A,"UK, China, Puerto Rico, USA",Entertainment Studios Motion Pictures,"15,884",0.54,0.1,0.19
tt4532826,Robin Hood,(2018),PG-13,116min,"Action,Adventure,Thriller","$100,000,000","$9,195,670","$30,824,628","$84,780,546",Release Date: 20 December 2018 (Taiwan),"1,136,160",0,"1,094,737","1,506,148","480,868","53,955,918",21 Nov 2018,"Action, Adventure, Thriller",Otto Bathurst,"Ben Chandler (screenplay by), David James Kelly (screenplay by), Ben Chandler (story by)","Taron Egerton, Jamie Foxx, Ben Mendelsohn, Eve Hewson","English, Arabic",N/A,USA,Summit Entertainment,"39,204",0.53,0.15,0.32
tt2328900,Mary Queen of Scots,(2018),R,124min,"Biography,Drama,History","$25,000,000","$194,777","$16,468,499","$46,368,499",Release Date: 21 December 2018 (USA),0,0,"74,859",0,"58,504","29,900,000",21 Dec 2018,"Biography, Drama, History",Josie Rourke,"Beau Willimon (screenplay by), John Guy (based on the book ""Queen of Scots: The True Life of Mary Stuart"" by)","Angela Bain, Richard Cant, Guy Rhys, Thom Petty","English, French, Scottish Gaelic, Latin",N/A,"UK, USA",Metrodome,"22,571",0.63,,0.6
tt6902696,Gloria Bell,(2018),R,102min,"Comedy,Drama,Romance",,"$145,218","$5,611,123","$9,448,418",Release Date: 22 March 2019 (USA),0,0,0,0,0,"3,837,295",22 Mar 2019,"Comedy, Drama, Romance",Sebastián Lelio,"Alice Johnson Boher (adapted screenplay), Sebastián Lelio, Gonzalo Maza (story)","Sean Astin, Julianne Moore, Alanna Ubach, Michael Cera",English,N/A,"Chile, USA",N/A,"2,219",0.67,,0.8
tt4530422,Overlord,(2018),R,110min,"Action,Adventure,Horror","$38,000,000","$10,202,108","$21,704,844","$41,657,844",Release Date: 9 November 2018 (Taiwan),"1,198,897",0,"861,849","747,622","193,675","19,953,000",09 Nov 2018,"Action, Adventure, Horror, Mystery, Sci-Fi, War",Julius Avery,"Billy Ray (screenplay by), Mark L. Smith (screenplay by), Billy Ray (story by)","Jovan Adepo, Wyatt Russell, Mathilde Ollivier, Pilou Asbæk","English, Russian, French, German",N/A,"USA, Canada",Paramount Pictures,"52,630",0.67,0.8,0.6
tt7401588,Instant Family,(2018),PG-13,118min,"Comedy,Drama","$48,000,000","$14,504,315","$67,363,237","$120,556,201",Release Date: 11 January 2019 (Taiwan),"356,499",0,"492,857","266,531","173,940","53,192,964",16 Nov 2018,"Comedy, Drama",Sean Anders,"Sean Anders, John Morris","Mark Wahlberg, Rose Byrne, Isabela Moner, Gustavo Escobar",English,N/A,USA,Paramount Pictures,"44,074",0.74,0.82,0.57
tt7589524,Aniara,(2018),R,106min,"Drama,Sci-Fi",,"$19,297","$38,342","$38,342","Opening Weekend USA: $19,297,",0,0,0,0,0,0,17 May 2019,"Drama, Sci-Fi","Pella Kagerman, Hugo Lilja","Pella Kagerman, Hugo Lilja, Harry Martinson (poem)","Emelie Jonsson, Bianca Cruzeiro, Arvin Kananian, Anneli Martini",Swedish,N/A,"Sweden, Denmark",Magnet Releasing,388,0.68,0.58,
tt7137380,Destroyer,(2018),R,121min,"Action,Crime,Drama","$9,000,000","$55,347","$1,533,324","$5,580,940",Release Date: 29 March 2019 (Taiwan),0,0,0,0,"24,630","4,047,616",27 Dec 2018,"Action, Crime, Drama, Mystery, Thriller",Karyn Kusama,"Phil Hay (screenplay), Matt Manfredi (screenplay)","Nicole Kidman, Toby Kebbell, Tatiana Maslany, Sebastian Stan",English,N/A,USA,Annapurna Pictures,"12,536",0.62,0.74,0.62
tt7040874,A Simple Favor,(2018),R,117min,"Comedy,Crime,Drama","$20,000,000","$16,011,689","$53,548,586","$97,644,617",Release Date: 14 September 2018 (Taiwan),"743,706",0,"521,966","119,278","305,324","44,096,031",14 Sep 2018,"Comedy, Crime, Drama, Mystery, Thriller",Paul Feig,"Darcey Bell (based upon the novel by), Jessica Sharzer (screenplay by)","Anna Kendrick, Ian Ho, Joshua Satine, Glenda Braganza",English,N/A,"Canada, USA",Lionsgate,"82,060",0.69,0.85,0.67
tt1213641,First Man,(2018),PG-13,141min,"Biography,Drama,History","$59,000,000","$16,006,065","$44,936,545","$105,688,629",Release Date: 26 October 2018 (Taiwan),"499,184",0,"755,463","192,986","399,375","60,752,084",12 Oct 2018,"Biography, Drama, History",Damien Chazelle,"Josh Singer (screenplay by), James R. Hansen (based on the book by)","Ryan Gosling, Claire Foy, Jason Clarke, Kyle Chandler",English,N/A,"USA, Japan",Universal Pictures,"115,028",0.74,0.87,0.84
tt6343314,Creed II,(2018),PG-13,130min,"Drama,Sport","$50,000,000","$35,574,710","$115,715,889","$214,015,889",Release Date: 21 November 2018 (USA),"372,000","2,530,119","289,000",0,0,"98,300,000",21 Nov 2018,"Drama, Sport",Steven Caple Jr.,"Juel Taylor (screenplay by), Sylvester Stallone (screenplay by), Sascha Penn (story by), Cheo Hodari Coker (story by), Ryan Coogler (characters)","Michael B. Jordan, Sylvester Stallone, Tessa Thompson, Phylicia Rashad","English, Russian, Sign Languages",N/A,USA,MGM,"71,068",0.72,0.84,0.66
tt5814060,The Nun,(2018),R,96min,"Horror,Mystery,Thriller","$22,000,000","$53,807,379","$117,450,119","$365,550,119",Release Date: 6 September 2018 (Taiwan),"3,700,000",0,"2,100,000",0,0,"248,100,000",07 Sep 2018,"Horror, Mystery, Thriller",Corin Hardy,"Gary Dauberman (screenplay by), James Wan (story by), Gary Dauberman (story by)","Demián Bichir, Taissa Farmiga, Jonas Bloquet, Bonnie Aarons","English, French, Romanian, Latin",N/A,USA,Warner Bros. Pictures,"86,024",0.54,0.26,0.46
tt4218572,Widows,(2018),R,129min,"Crime,Drama,Thriller","$42,000,000","$12,361,307","$42,402,632","$75,984,700",Release Date: 7 December 2018 (Taiwan),0,0,"225,423",0,0,"33,582,068",16 Nov 2018,"Crime, Drama, Thriller",Steve McQueen,"Gillian Flynn (screenplay by), Steve McQueen (screenplay by), Lynda La Plante (based on ""Widows"" by)","Viola Davis, Liam Neeson, Jon Bernthal, Manuel Garcia-Rulfo","English, Spanish, Polish",N/A,"UK, USA",20th Century Fox,"58,356",0.7,0.91,0.84
tt4669788,On the Basis of Sex,(2018),PG-13,120min,"Biography,Drama","$20,000,000","$686,355","$24,622,687","$38,230,329",Release Date: 27 February 2019 (Taiwan),"54,237",0,"222,224",0,"24,848","13,607,642",11 Jan 2019,"Biography, Drama",Mimi Leder,Daniel Stiepleman,"Felicity Jones, Armie Hammer, Justin Theroux, Sam Waterston",English,N/A,USA,Focus Features,"11,812",0.69,0.73,0.59
tt5848272,Ralph Breaks the Internet,(2018),PG,112min,"Animation,Adventure,Comedy","$175,000,000","$56,237,634","$201,091,711","$529,161,417",Also Known As: Wifi Ralph,"4,487,727","39,259,191","5,142,346","2,442,383","2,627,016","328,069,706",21 Nov 2018,"Animation, Adventure, Comedy, Family, Fantasy","Phil Johnston, Rich Moore","Phil Johnston (screenplay by), Pamela Ribon (screenplay by), Rich Moore (story by), Phil Johnston (story by), Jim Reardon (story by), Pamela Ribon (story by), Josie Trinidad (story by), John C. Reilly (additional story material by), Kelly Younger (additional story material by), Jason Hand (additional story material by)","John C. Reilly, Sarah Silverman, Gal Gadot, Taraji P. Henson",English,N/A,USA,Walt Disney Animation Studios,"84,076",0.71,0.89,0.71
tt4073790,The Darkest Minds,(2018),PG-13,104min,"Action,Adventure,Drama","$34,000,000","$5,842,609","$12,695,691","$41,142,379",Release Date: 3 August 2018 (USA),"326,556",0,"464,240","503,738","372,681","28,446,688",03 Aug 2018,"Action, Adventure, Drama, Romance, Sci-Fi, Thriller",Jennifer Yuh Nelson,"Chad Hodge (screenplay by), Alexandra Bracken (based upon the novel by)","Amandla Stenberg, Mandy Moore, Bradley Whitford, Harris Dickinson",English,N/A,USA,20th Century Fox,"20,173",0.57,0.17,0.39
tt3766354,The Equalizer 2,(2018),R,121min,"Action,Crime,Thriller","$62,000,000","$36,011,640","$102,084,362","$190,400,157",Release Date: 30 August 2018 (Taiwan),"2,265,986",0,"469,686","1,190,903","512,091","88,315,795",20 Jul 2018,"Action, Crime, Thriller",Antoine Fuqua,"Richard Wenk, Michael Sloan (based on the television series created by), Richard Lindheim (based on the television series created by)","Denzel Washington, Pedro Pascal, Ashton Sanders, Orson Bean","English, French, Turkish, Hebrew, Arabic, Spanish",N/A,USA,Columbia Pictures,"94,483",0.67,0.51,0.5
tt7545524,Ben Is Back,(2018),R,103min,Drama,"$13,000,000","$80,734","$3,703,184","$10,140,974",Release Date: 21 December 2018 (Taiwan),0,0,0,0,0,"6,437,790",05 Dec 2018,Drama,Peter Hedges,Peter Hedges,"Julia Roberts, Lucas Hedges, Courtney B. Vance, Kathryn Newton",English,N/A,USA,LD Entertainment/Lionsgate/Roadside Attractions,"9,552",0.67,0.82,0.66
tt4951982,The Command,(2018),PG-13,117min,"Action,Drama,History","$20,000,000",,,"$5,461,152",Release Date: 22 March 2019 (Taiwan),0,0,"918,766",0,0,"5,461,152",21 Jun 2019,"Action, Drama, History, Thriller",Thomas Vinterberg,"Robert Rodat, Robert Moore (based on Robert Moore's book ""A Time to Die"")","Matthias Schoenaerts, Léa Seydoux, Peter Simonischek, August Diehl",English,N/A,"Belgium, Luxembourg",STXfilms,"6,895",0.65,0.71,0.53
tt4244998,Alpha,(2018),PG-13,96min,"Adventure,Drama,Family","$51,000,000","$10,352,512","$35,857,181","$98,203,196",Release Date: 21 September 2018 (Taiwan),"156,396","16,604,429","91,384","634,811","256,904","62,346,015",17 Aug 2018,"Adventure, Drama, Family",Albert Hughes,"Daniele Sebastian Wiedenhaupt (screenplay by), Albert Hughes (story by)","Kodi Smit-McPhee, Jóhannes Haukur Jóhannesson, Marcin Kowalczyk, Jens Hultén",English,N/A,USA,Sony Pictures,"40,018",0.67,0.79,0.63
tt6905696,Slaughterhouse Rulez,(2018),R,104min,"Action,Comedy,Horror",,"$2,145","$4,665","$730,762",Release Date: 31 October 2018 (UK),0,0,0,0,0,"726,097",31 Oct 2018,"Action, Comedy, Fantasy, Horror, Thriller",Crispian Mills,"Crispian Mills (screenplay by), Henry Fitzherbert (screenplay by), Luke Passmore (story by), Crispian Mills (story by), Henry Fitzherbert (story by)","Margot Robbie, Asa Butterfield, Michael Sheen, Simon Pegg",English,N/A,UK,N/A,"3,517",0.53,0.4,
tt1502407,Halloween,(I),R,106min,"Horror,Thriller","$10,000,000","$76,221,545","$159,342,015","$255,477,368",Release Date: 19 October 2018 (Taiwan),"843,500",0,"641,316","918,347","331,013","96,135,353",19 Oct 2018,"Horror, Thriller",David Gordon Green,"John Carpenter (based on characters created by), Debra Hill (based on characters created by), Jeff Fradley, Danny McBride, David Gordon Green","Jamie Lee Curtis, Judy Greer, Andi Matichak, James Jude Courtney",English,N/A,USA,The Weinstein Company,"85,239",0.67,,0.67
tt1255919,Holmes & Watson,(2018),PG-13,90min,"Adventure,Comedy,Crime","$42,000,000","$7,411,522","$30,573,626","$40,466,970",Release Date: 1 February 2019 (Taiwan),"182,105",0,0,"176,621",0,"9,893,344",25 Dec 2018,"Adventure, Comedy, Crime, Mystery",Etan Cohen,"Etan Cohen, Arthur Conan Doyle (Sherlock Holmes and Dr. Watson were created by the late)","Will Ferrell, John C. Reilly, Rebecca Hall, Rob Brydon",English,N/A,USA,Columbia Pictures,"16,114",0.37,0.11,0.24
tt4971344,The Sisters Brothers,(2018),R,122min,"Adventure,Comedy,Crime",,"$115,575","$3,143,056","$13,143,056",Release Date: 19 September 2018 (France),0,0,0,0,0,"10,000,000",19 Oct 2018,"Adventure, Comedy, Crime, Drama, Western",Jacques Audiard,"Jacques Audiard (screenplay by), Thomas Bidegain (screenplay by), Patrick DeWitt (based on the book by)","John C. Reilly, Joaquin Phoenix, Jake Gyllenhaal, Riz Ahmed",English,N/A,"France, Spain, Romania, Belgium, USA",Annapurna Pictures,"30,978",0.7,0.86,0.78
tt1846589,Hunter Killer,(2018),R,122min,"Action,Thriller","$40,000,000","$6,653,777","$15,767,460","$31,672,678",Release Date: 26 October 2018 (Taiwan),0,0,"1,441,662",0,0,"15,905,218",26 Oct 2018,"Action, Thriller",Donovan Marsh,"Arne Schmidt (screenplay by), Jamie Moss (screenplay by), George Wallace (based on the novel ""Firing Point"" written by), Don Keith (based on the novel ""Firing Point"" written by)","Ethan Baird, Jacob Scipio, Dempsey Bovell, Corey Johnson","Russian, English",N/A,"UK, China, USA",Summit Premiere,"31,717",0.66,0.36,0.43
tt5461944,Hotel Mumbai,(2018),R,123min,"Drama,History,Thriller",,"$88,065","$9,635,910","$18,199,943",Release Date: 14 March 2019 (Australia),0,0,"1,114,628",0,0,"8,564,033",29 Mar 2019,"Drama, History, Thriller",Anthony Maras,"John Collee, Anthony Maras","Amandeep Singh, Suhail Nayyar, Manoj Mehra, Dinesh Kumar","English, Hindi, Punjabi, Marathi, Greek, Russian, Arabic, Urdu, Persian",1 win.,"Australia, USA, India",Bleecker Street,"4,677",0.78,0.75,0.64
tt4537896,White Boy Rick,(2018),R,111min,"Crime,Drama","$29,000,000","$8,860,431","$24,011,188","$25,957,482",Also Known As: A kokainkölyök,0,0,0,0,0,"1,946,294",14 Sep 2018,"Crime, Drama",Yann Demange,"Andy Weiss, Logan Miller, Noah Miller","Matthew McConaughey, Richie Merritt, Bel Powley, Jennifer Jason Leigh",English,N/A,USA,Columbia Pictures,"15,921",0.64,0.58,0.59
tt6494418,Siberia,(2018),R,104min,"Crime,Romance,Thriller",,,,"$517,608",Release Date: 13 July 2018 (USA),0,0,0,0,0,"517,608",13 Jul 2018,"Crime, Romance, Thriller",Matthew Ross,"Scott B. Smith (screenplay by), Stephen Hamel (story by), Scott B. Smith (story by)","Keanu Reeves, Boris Gulyarin, Ashley St. George, Elliot Lazar","English, Russian",N/A,"Canada, USA",Saban Films,"8,626",0.43,0.11,0.34
tt3289724,Welcome to Marwen,(2018),PG-13,116min,"Biography,Comedy,Drama","$39,000,000","$2,354,205","$10,763,520","$12,908,865",Release Date: 21 December 2018 (USA),0,0,0,0,0,"2,145,345",21 Dec 2018,"Biography, Comedy, Drama, Fantasy",Robert Zemeckis,"Robert Zemeckis (screenplay by), Caroline Thompson (screenplay by)","Steve Carell, Falk Hentschel, Matt O'Leary, Nikolai Witschl","English, German, French",N/A,"Japan, USA",Universal Pictures,"8,259",0.61,0.33,0.4
tt6012244,All the Devil's Men,(2018),R,99min,Action,,,,"$65,829",Also Known As: All the Devil's Men - Homens do Diabo,0,0,0,0,0,"65,829",07 Dec 2018,Action,Matthew Hope,Matthew Hope,"Sylvia Hoeks, William Fichtner, Elliot Cowan, Milo Gibson",English,N/A,UK,Saban Films,879,0.5,0.25,0.27
tt4575576,Christopher Robin,(2018),PG,104min,"Animation,Adventure,Comedy","$75,000,000","$24,585,139","$99,215,042","$197,744,377",Release Date: 3 August 2018 (Taiwan),"756,173",0,"1,282,838","568,034","797,653","98,529,335",03 Aug 2018,"Animation, Adventure, Comedy, Drama, Family, Fantasy",Marc Forster,"A.A. Milne (based on characters created by), Ernest Shepard (based on characters created by), Alex Ross Perry (screenplay by), Tom McCarthy (screenplay by), Allison Schroeder (screenplay by), Greg Brooker (story by), Mark Steven Johnson (story by)","Ewan McGregor, Hayley Atwell, Bronte Carmichael, Mark Gatiss",English,N/A,"UK, USA",N/A,"51,068",0.73,,0.6
tt5580266,The Hate U Give,(2018),PG-13,133min,"Crime,Drama","$23,000,000","$512,035","$29,719,483","$34,934,009",Release Date: 19 October 2018 (USA),0,0,0,0,0,"5,214,526",19 Oct 2018,"Crime, Drama",George Tillman Jr.,"Audrey Wells (screenplay by), Angie Thomas (based upon the novel by)","Amandla Stenberg, Regina Hall, Russell Hornsby, Anthony Mackie",English,N/A,USA,20th Century Fox,"16,372",0.72,0.97,0.81
tt5789976,King of Thieves,(2018),R,108min,"Crime,Drama",,"$3,502","$7,518","$11,151,421",Release Date: 4 January 2019 (Taiwan),0,0,0,0,"13,343","11,143,903",25 Jan 2019,"Crime, Drama",James Marsh,"Joe Penhall (screenplay), Mark Seal (magazine article)","Michael Caine, Michael Gambon, Charlie Cox, Jim Broadbent",English,N/A,UK,Saban Films,"7,008",0.55,0.33,0.47
tt4878482,Dumplin',(2018),PG-13,110min,"Comedy,Drama,Musical",,,,"$393,201",Release Date: 7 December 2018 (USA),0,0,0,0,0,"393,201",07 Dec 2018,"Comedy, Drama, Musical",Anne Fletcher,"Kristin Hahn (screenplay by), Julie Murphy (based on the novel by)","Danielle Macdonald, Jennifer Aniston, Odeya Rush, Maddie Baillio",English,N/A,USA,N/A,"19,623",0.67,,0.53
tt6155172,Roma,(2018),R,135min,Drama,,,,"$1,128,154",Release Date: 14 December 2018 (Taiwan),0,"679,920",0,0,0,"1,128,154",21 Nov 2018,Drama,Alfonso Cuarón,Alfonso Cuarón,"Yalitza Aparicio, Marina de Tavira, Diego Cortina Autrey, Carlos Peralta","English, Norwegian, Japanese, German, French, Spanish, Mixtec",N/A,"Mexico, USA",N/A,"103,243",0.78,,0.96
tt5177088,The Girl in the Spider's Web,(2018),R,115min,"Action,Crime,Drama","$43,000,000","$7,810,112","$14,841,338","$35,164,920",Release Date: 9 November 2018 (Taiwan),"388,447",0,"235,134","145,220","180,250","20,323,582",09 Nov 2018,"Action, Crime, Drama, Thriller",Fede Alvarez,"David Lagercrantz (based on the novel by), Stieg Larsson (with characters introduced in the Millenium series by), Jay Basu (screenplay by), Fede Alvarez (screenplay by), Steven Knight (screenplay by)","Claire Foy, Beau Gadsdon, Sverrir Gudnason, LaKeith Stanfield",English,N/A,"Germany, Sweden, USA",Columbia Pictures,"27,421",0.61,0.4,0.43
tt5690360,Slender Man,(2018),PG-13,93min,"Horror,Mystery,Thriller","$10,000,000","$11,371,866","$30,569,484","$51,738,549",Release Date: 10 August 2018 (USA),0,0,0,0,0,"21,169,065",10 Aug 2018,"Horror, Mystery, Thriller",Sylvain White,"David Birke, Victor Surge (based on a character by)","Joey King, Julia Goldani Telles, Jaz Sinclair, Annalise Basso",English,N/A,USA,Screen Gems,"19,386",0.32,0.07,0.3
tt5311542,Never Look Away,(2018),R,189min,"Drama,History,Romance",,,"$1,303,198","$4,322,578",Also Known As: Never Look Away,0,0,0,0,0,"3,019,380",03 Oct 2018,"Drama, History, Romance, Thriller",Florian Henckel von Donnersmarck,Florian Henckel von Donnersmarck,"Tom Schilling, Sebastian Koch, Paula Beer, Saskia Rosendahl","German, Russian",N/A,"Germany, Italy",Sony Pictures Classics,"3,965",0.77,0.76,0.69
tt5664636,Goosebumps 2: Haunted Halloween,(2018),PG,90min,"Adventure,Comedy,Family","$35,000,000","$15,802,225","$46,700,633","$93,320,380",Release Date: 19 October 2018 (Taiwan),"337,033",0,"361,762","1,810,124","444,098","46,619,747",12 Oct 2018,"Adventure, Comedy, Family, Fantasy, Horror",Ari Sandel,"Rob Lieber (screenplay by), Rob Lieber (story by), Darren Lemke (story by), R.L. Stine (based on the Scholastic Goosebumps Books written by)","Wendi McLendon-Covey, Madison Iseman, Jeremy Ray Taylor, Caleel Harris",English,N/A,"USA, UK",Columbia Pictures,"10,884",0.56,0.48,0.53
tt1226837,Beautiful Boy,(I),R,120min,"Biography,Drama",,"$218,888","$7,649,973","$16,321,078",Release Date: 25 October 2018 (Israel),"27,194",0,"51,233",0,"18,428","8,671,105",25 Oct 2018,"Biography, Drama",Felix van Groeningen,"Luke Davies (screenplay by), Felix van Groeningen (screenplay by), David Sheff (based on the book ""Beautiful Boy"" by), Nic Sheff (based on the book ""Tweak"" by)","Steve Carell, Maura Tierney, Jack Dylan Grazer, Oakley Bull",English,N/A,USA,Amazon Studios,"29,467",0.73,0.69,0.62
tt6987770,Destination Wedding,(2018),R,87min,"Comedy,Drama,Romance",,,,"$2,182,965",Release Date: 7 September 2018 (Taiwan),0,0,0,0,0,"2,182,965",02 Aug 2018,"Comedy, Drama, Romance",Victor Levin,Victor Levin,"Winona Ryder, Keanu Reeves, DJ Dallenbach, Ted Dubost",English,N/A,USA,Regatta,"15,126",0.6,0.52,0.46
tt7615302,Red Joan,(2018),R,101min,"Biography,Drama,Romance",,"$38,949","$1,436,876","$7,835,286",Release Date: 19 April 2019 (UK),0,0,0,0,0,"6,398,410",03 May 2019,"Biography, Drama, Romance",Trevor Nunn,Lindsay Shapero,"Judi Dench, Sophie Cookson, Stephen Campbell Moore, Tom Hughes",English,N/A,UK,N/A,550,0.62,,0.44
tt5460858,The White Crow,(2018),R,127min,"Biography,Drama",,"$78,782","$1,400,777","$4,266,379",Release Date: 22 March 2019 (UK),0,0,0,0,0,"2,865,602",22 Mar 2019,"Biography, Drama",Ralph Fiennes,"David Hare (screenplay), Julie Kavanagh (Inspired by her book: ""Rudolf Nureyev: The Life"")","Oleg Ivenko, Ralph Fiennes, Louis Hofmann, Adèle Exarchopoulos","Russian, English, French",N/A,"UK, France",Sony Pictures Classics,"1,014",0.64,0.66,0.61
tt4131496,The Vanishing,(2018),R,107min,"Crime,Mystery,Thriller",,,,"$1,202,522",Also Known As: The Devil to Pay,0,0,0,0,0,"1,202,522",04 Jan 2019,"Crime, Mystery, Thriller",Kristoffer Nyholm,"Joe Bone, Celyn Jones","Gerard Butler, Peter Mullan, Connor Swindells, Søren Malling",English,N/A,UK,N/A,"7,242",0.58,,0.64
tt5758778,Skyscraper,(2018),PG-13,102min,"Action,Adventure,Thriller","$125,000,000","$24,905,015","$68,420,120","$304,868,961",Release Date: 12 July 2018 (Taiwan),"6,151,916","98,444,095","3,381,215","4,582,715","2,011,056","236,448,841",13 Jul 2018,"Action, Adventure, Thriller",Rawson Marshall Thurber,Rawson Marshall Thurber,"Dwayne Johnson, Neve Campbell, Chin Han, Roland Møller","English, Cantonese, Mandarin",N/A,"Hong Kong, USA",Universal Pictures,"79,421",0.58,0.47,0.51
tt6850820,Peppermint,(2018),R,101min,"Action,Crime,Drama","$25,000,000","$13,423,255","$35,418,723","$53,818,723",Release Date: 21 September 2018 (Taiwan),0,0,0,0,0,"18,400,000",07 Sep 2018,"Action, Crime, Drama, Thriller",Pierre Morel,Chad St. John,"Jennifer Garner, John Gallagher Jr., John Ortiz, Juan Pablo Raba","English, Spanish",N/A,"Hong Kong, USA",STXfilms,"35,239",0.65,0.13,0.29
tt4560436,Mile 22,(2018),R,94min,"Action,Adventure,Thriller","$50,000,000","$13,710,825","$36,108,758","$66,308,758",Release Date: 17 August 2018 (Taiwan),0,0,"234,189",0,0,"30,200,000",17 Aug 2018,"Action, Adventure, Thriller",Peter Berg,"Lea Carpenter (screenplay by), Graham Roland (story by), Lea Carpenter (story by)","Mark Wahlberg, Lauren Cohan, Iko Uwais, John Malkovich","Filipino, English, Russian, Indonesian",N/A,"China, USA, Colombia",STXfilms,"46,477",0.61,0.22,0.38
tt6017942,Kin,(I),PG-13,102min,"Action,Drama,Sci-Fi",,"$3,035,618","$5,718,096","$10,023,153",Release Date: 31 August 2018 (USA),0,0,"153,725","97,057","54,579","4,305,057",31 Aug 2018,"Action, Drama, Sci-Fi, Thriller","Jonathan Baker, Josh Baker","Jonathan Baker (based on the short film ""Bag Man"" by), Josh Baker (based on the short film ""Bag Man"" by), Daniel Casey (screenplay by)","Myles Truitt, Jack Reynor, Dennis Quaid, Zoë Kravitz",English,N/A,USA,Lionsgate,"8,794",0.57,0.32,0.35
tt3263946,Trial by Fire,(I),R,127min,"Biography,Drama",,"$78,817","$148,504","$148,504",Release Date: 17 May 2019 (USA),0,0,0,0,0,0,17 May 2019,"Biography, Drama",Edward Zwick,"Geoffrey Fletcher (screenplay by), David Grann (based on The New Yorker article by)","Laura Dern, Jack O'Connell, Emily Meade, Jade Pettyjohn",English,N/A,USA,Roadside Attractions,44,0.74,0.83,
tt2126357,Second Act,(2018),PG-13,103min,"Comedy,Drama,Romance","$16,000,000","$6,489,983","$39,282,227","$72,282,227",Release Date: 21 December 2018 (USA),0,0,"60,920",0,0,"33,000,000",21 Dec 2018,"Comedy, Drama, Romance",Peter Segal,"Justin Zackham, Elaine Goldsmith-Thomas","Jennifer Lopez, Vanessa Hudgens, Leah Remini, Treat Williams","English, Mandarin",N/A,USA,STXfilms,"12,533",0.58,0.45,0.46
tt3385524,Stan & Ollie,(2018),PG,98min,"Biography,Comedy,Drama","$10,000,000","$78,104","$5,470,235","$24,368,660",Release Date: 22 March 2019 (Taiwan),0,0,0,0,0,"18,898,425",11 Jan 2019,"Biography, Comedy, Drama",Jon S. Baird,"Jeff Pope, 'A.J.' Marriot (inspired by the book 'Laurel & Hardy - The British Tours' by)","Steve Coogan, John C. Reilly, Shirley Henderson, Nina Arianda",English,N/A,"UK, Canada, USA",Sony Pictures Classics,"15,730",0.73,0.92,0.75
tt7125860,If Beale Street Could Talk,(2018),R,119min,"Drama,Romance","$12,000,000","$224,476","$14,915,773","$20,572,691",Release Date: 25 December 2018 (USA),0,0,0,0,0,"5,656,918",25 Dec 2018,"Drama, Romance",Barry Jenkins,"Barry Jenkins (written for the screen by), James Baldwin (based on the book by)","KiKi Layne, Stephan James, Regina King, Teyonah Parris","English, Spanish",N/A,USA,Annapurna Pictures,"24,497",0.72,0.95,0.87
tt7008872,Boy Erased,(2018),R,115min,"Biography,Drama",,"$207,057","$6,788,692","$11,757,851",Release Date: 8 November 2018 (Australia),0,0,0,0,"17,077","4,969,159",08 Nov 2018,"Biography, Drama",Joel Edgerton,"Garrard Conley (based on the memoir Boy Erased by), Joel Edgerton (written for the screen by)","Lucas Hedges, Nicole Kidman, Russell Crowe, Madelyn Cline",English,N/A,"Australia, USA",Focus Features,"17,246",0.7,0.81,0.69
tt6663582,The Spy Who Dumped Me,(2018),R,117min,"Action,Adventure,Comedy","$40,000,000","$12,103,043","$33,562,069","$75,320,680",Release Date: 3 August 2018 (USA),"367,441","8,895,647","510,238","95,778","169,594","41,758,611",03 Aug 2018,"Action, Adventure, Comedy",Susanna Fogel,"Susanna Fogel, David Iserson","Justin Theroux, Blanka Györfi-Tóth, Vilma Szécsi, Mila Kunis","English, Russian, French, Lithuanian, German",N/A,"USA, Canada",Lionsgate,"45,936",0.6,0.49,0.52
tt5117428,Wild Rose,(2018),R,100min,"Drama,Music",,,,"$2,909,878",Release Date: 12 April 2019 (UK),0,0,0,0,0,"2,909,878",21 Jun 2019,"Drama, Music",Tom Harper,Nicole Taylor,"Jessie Buckley, Craig Parkinson, Julie Walters, Jamie Sives",English,N/A,UK,NEON,"1,445",0.75,0.9,0.78
tt5960374,Vox Lux,(2018),R,114min,"Drama,Music",,"$155,714","$727,119","$1,330,828",Release Date: 8 March 2019 (Taiwan),0,0,"20,918",0,0,"603,709",20 Dec 2018,"Drama, Music",Brady Corbet,Brady Corbet,"Natalie Portman, Jude Law, Stacy Martin, Jennifer Ehle",English,N/A,USA,NEON,"8,128",0.6,0.61,0.68
tt6908274,Mirage,(2018),TV-MA,128min,"Drama,Romance,Thriller",,,,"$17,325,485",Release Date: 30 November 2018 (Spain),0,"16,457,892",0,0,0,"17,325,485",22 Mar 2019,"Drama, Romance, Thriller",Oriol Paulo,"Oriol Paulo, Lara Sendim","Adriana Ugarte, Chino Darín, Javier Gutiérrez, Álvaro Morte",Spanish,N/A,Spain,N/A,"16,425",0.75,,
tt6269368,The Clovehitch Killer,(2018),Unrated,109min,"Drama,Horror,Mystery",,"$5,175","$8,208","$167,994",Release Date: 16 November 2018 (USA),0,0,0,0,0,"159,786",16 Nov 2018,"Drama, Horror, Mystery, Thriller",Duncan Skiles,Christopher Ford,"Dylan McDermott, Charlie Plummer, Samantha Mathis, Madisen Beaty",English,N/A,USA,IFC Midnight,"8,169",0.65,0.77,0.59
tt8108198,Andhadhun,(2018),NotRated,139min,"Crime,Thriller","$4,500,000","$278,677","$1,193,046","$49,213,917",Release Date: 5 October 2018 (India),0,"47,111,380",0,0,0,"48,020,871",05 Oct 2018,"Crime, Thriller",Sriram Raghavan,"Arijit Biswas, Yogesh Chandekar, Sriram Raghavan, Hemanth M. Rao, Pooja Ladha Surti, Olivier Treiner (based on the story by)","Ayushmann Khurrana, Tabu, Radhika Apte, Anil Dhawan","Hindi, English",N/A,India,Viacom 18 Motion Pictures,"38,867",0.85,1.0,
tt6133466,The First Purge,(2018),R,98min,"Action,Horror,Sci-Fi","$13,000,000","$17,374,280","$69,488,745","$136,986,202",Release Date: 24 August 2018 (Taiwan),"492,122",0,"514,921","688,050","311,309","67,497,457",04 Jul 2018,"Action, Horror, Sci-Fi, Thriller",Gerard McMurray,James DeMonaco,"Y'lan Noel, Lex Scott Davis, Joivan Wade, Mugga","Spanish, English, French",N/A,USA,Universal Pictures,"41,423",0.51,0.54,0.54
tt4595882,Can You Ever Forgive Me?,(2018),R,106min,"Biography,Comedy,Crime",,"$161,510","$8,803,865","$11,677,169",Release Date: 2 November 2018 (South Africa),0,0,0,0,0,"2,873,304",02 Nov 2018,"Biography, Comedy, Crime, Drama",Marielle Heller,"Nicole Holofcener (screenplay by), Jeff Whitty (screenplay by)","Melissa McCarthy, Richard E. Grant, Dolly Wells, Ben Falcone",English,N/A,USA,Fox Searchlight Pictures,"28,308",0.72,0.98,0.87
tt5989218,Life Itself,(2018),R,117min,"Drama,Romance",,"$2,123,463","$4,102,648","$7,790,271",Release Date: 2 November 2018 (Taiwan),"113,679",0,"60,538",0,"6,871","3,687,623",21 Sep 2018,"Drama, Romance",Dan Fogelman,Dan Fogelman,"Oscar Isaac, Olivia Wilde, Annette Bening, Mandy Patinkin","English, Spanish",N/A,"USA, Spain",Amazon Studios,"8,998",0.66,0.13,0.21
tt2119543,The House with a Clock in Its Walls,(2018),PG,105min,"Comedy,Fantasy,Horror","$42,000,000","$26,608,020","$68,549,695","$131,457,147",Release Date: 10 October 2018 (Taiwan),"785,486","2,722,512","388,968",0,"462,867","62,907,452",21 Sep 2018,"Comedy, Fantasy, Horror, Sci-Fi",Eli Roth,"Eric Kripke (screenplay by), John Bellairs (based on the novel by)","Jack Black, Cate Blanchett, Owen Vaccaro, Kyle MacLachlan",English,N/A,"USA, Canada, India",Universal Pictures,"32,327",0.6,0.66,0.57
tt2837574,The Old Man & the Gun,(2018),PG-13,93min,"Biography,Comedy,Crime",,"$142,131","$11,277,120","$17,857,464",Release Date: 25 January 2019 (Taiwan),0,0,0,0,0,"6,580,344",19 Oct 2018,"Biography, Comedy, Crime, Drama, Romance",David Lowery,"David Lowery, David Grann (based on the New Yorker article by)","Robert Redford, Casey Affleck, Sissy Spacek, Danny Glover",English,N/A,USA,Fox Searchlight Pictures,"24,951",0.68,0.92,0.8
tt3588588,Backtrace,(2018),R,92min,"Crime,Drama",,,,"$479,635",Release Date: 14 December 2018 (USA),0,0,0,0,0,"479,635",14 Dec 2018,"Crime, Drama",Brian A. Miller,Mike Maples,"Sylvester Stallone, Ryan Guzman, Meadow Williams, Matthew Modine",English,N/A,"Canada, USA",Lionsgate Premiere,"1,522",0.37,0.11,
tt7942742,Her Smell,(2018),R,134min,"Drama,Music",,"$36,941","$255,599","$255,599","Opening Weekend USA: $36,941,",0,0,0,0,0,0,10 May 2019,"Drama, Music",Alex Ross Perry,Alex Ross Perry,"Elisabeth Moss, Angel Christian Roman, Cara Delevingne, Dan Stevens",English,N/A,"USA, Greece",Gunpowder &amp; Sky,969,0.62,0.84,0.69
tt9206798,All Is True,(2018),PG-13,101min,"Biography,Drama,History",,"$44,211","$374,200","$2,041,353",Release Date: 8 February 2019 (UK),0,0,0,0,0,"1,667,153",10 May 2019,"Biography, Drama, History",Kenneth Branagh,Ben Elton,"Kenneth Branagh, Lolita Chakrabarti, Jack Colgrave Hirst, Doug Colling",English,N/A,UK,Sony Pictures Classics,524,0.58,0.72,0.61
tt1273221,London Fields,(2018),R,118min,"Crime,Mystery,Thriller","$8,000,000","$168,575","$252,676","$487,420",Release Date: 26 October 2018 (USA),0,0,0,0,0,"234,744",26 Oct 2018,"Crime, Mystery, Thriller",Mathew Cullen,"Roberta Hanley (screenplay by), Martin Amis (screenplay by), Martin Amis (based on the book by)","Amber Heard, Gemma Chan, Cara Delevingne, Jaimie Alexander",English,N/A,"UK, USA",20th Century Fox,"2,714",0.43,0.0,0.16
tt2368254,A Private War,(2018),R,110min,"Biography,Drama,War",,"$60,491","$1,633,208","$3,826,678",Release Date: 4 January 2019 (Taiwan),"104,447",0,"110,904",0,"46,380","2,193,470",16 Nov 2018,"Biography, Drama, War",Matthew Heineman,"Marie Brenner (based on the Vanity Fair article ""Marie Colvin's Private War"" by), Arash Amel","Rosamund Pike, Greg Wise, Alexandra Moen, Tom Hollander",English,N/A,"UK, USA",Aviron Pictures,"8,460",0.67,0.9,0.75
tt5523010,The Nutcracker and the Four Realms,(2018),PG,99min,"Adventure,Family,Fantasy","$120,000,000","$20,352,491","$54,858,851","$173,961,069",Release Date: 28 December 2018 (Taiwan),"752,475","16,238,604","1,191,553","1,069,158","741,468","119,102,218",02 Nov 2018,"Adventure, Family, Fantasy","Lasse Hallström, Joe Johnston","Ashleigh Powell (screen story by), Ashleigh Powell (screenplay by), E.T.A. Hoffmann (suggested by the short story ""The Nutcracker and the Mouse King"" written by), Marius Petipa (suggested by the ""Nutcracker Ballet"" by)","Mackenzie Foy, Tom Sweet, Meera Syal, Ellie Bamber",English,N/A,USA,Walt Disney Pictures,"17,825",0.55,0.32,0.39
tt7250056,Non-Fiction,(2018),R,108min,"Comedy,Drama,Romance",,"$29,853","$368,606","$3,094,284",Release Date: 16 January 2019 (France),0,0,0,0,0,"2,725,678",03 May 2019,"Comedy, Drama, Romance",Olivier Assayas,Olivier Assayas,"Guillaume Canet, Juliette Binoche, Vincent Macaigne, Christa Théret",French,N/A,France,IFC Films,"1,387",0.68,0.86,0.79
tt6938828,At Eternity's Gate,(2018),PG-13,111min,"Biography,Drama",,"$92,856","$2,294,915","$11,024,807",Release Date: 22 February 2019 (Taiwan),0,0,0,0,0,"8,729,892",29 Mar 2019,"Biography, Drama",Julian Schnabel,"Jean-Claude Carrière, Julian Schnabel, Louise Kugelberg","Willem Dafoe, Rupert Friend, Oscar Isaac, Mads Mikkelsen","French, English",N/A,"Ireland, Switzerland, UK, France, USA",N/A,"16,269",0.69,,0.76
tt7074886,The Front Runner,(2018),R,113min,"Biography,Drama,History",,"$51,543","$2,000,105","$3,242,235",Release Date: 21 November 2018 (USA),0,0,0,0,0,"1,242,130",21 Nov 2018,"Biography, Drama, History",Jason Reitman,"Matt Bai, Jay Carson, Jason Reitman, Matt Bai (based on the book ""All The Truth Is Out"" by)","Hugh Jackman, Vera Farmiga, J.K. Simmons, Mark O'Brien",English,N/A,"USA, Canada",Columbia Pictures,"5,861",0.62,0.59,0.61
tt6527426,Zero,(III),NotRated,164min,"Comedy,Drama,Romance",,"$1,035,388","$1,035,388","$2,595,762",Also Known As: Katrina Meri Jaan,0,0,0,0,0,"1,560,374",21 Dec 2018,"Comedy, Drama, Romance",Aanand L. Rai,Himanshu Sharma,"Shah Rukh Khan, Anushka Sharma, Katrina Kaif, Mohammed Zeeshan Ayyub",Hindi,N/A,India,Yash Raj Films USA Inc.,"19,768",0.57,0.33,
tt1308728,The Happytime Murders,(2018),R,91min,"Action,Comedy,Crime","$40,000,000","$9,532,425","$20,706,452","$27,506,452",Release Date: 24 August 2018 (USA),0,0,0,0,0,"6,800,000",24 Aug 2018,"Action, Comedy, Crime, Mystery, Thriller",Brian Henson,"Todd Berger (screenplay by), Todd Berger (story by), Dee Austin Robertson (story by)","Melissa McCarthy, Elizabeth Banks, Maya Rudolph, Leslie David Baker",English,N/A,"USA, China",STXfilms,"16,434",0.53,0.23,0.27
tt6859762,The Little Stranger,(2018),R,111min,"Drama,Horror,Mystery",,"$401,563","$713,143","$1,824,902",Release Date: 21 September 2018 (UK),0,0,0,0,0,"1,111,759",21 Sep 2018,"Drama, Horror, Mystery",Lenny Abrahamson,"Lucinda Coxon, Sarah Waters (novel)","Domhnall Gleeson, Will Poulter, Ruth Wilson, Liv Hill",English,N/A,"UK, Ireland, France",Focus Features,"4,650",0.56,0.65,0.67
tt5254610,Final Score,(2018),R,104min,"Action,Drama,Thriller","$20,000,000",,,"$1,472,770",Release Date: 7 September 2018 (UK),0,0,0,0,0,"1,472,770",14 Sep 2018,"Action, Drama, Thriller",Scott Mann,"Jonathan Frank, David T. Lynch, Keith Lynch","Dave Bautista, Pierce Brosnan, Ray Stevenson, Martyn Ford",English,N/A,UK,Saban Films,"6,380",0.57,0.68,0.53
tt5493944,The Little Mermaid,(2018),PG,85min,"Adventure,Drama,Fantasy",,"$85,505","$147,175","$2,610,742",Release Date: 17 August 2018 (USA),0,0,0,0,0,"2,463,567",17 Aug 2018,"Adventure, Drama, Fantasy, Romance","Blake Harris, Chris Bouchard(co-director)","Blake Harris, Hans Christian Andersen (inspired by the fairytale)","William Moseley, Poppy Drayton, Loreto Peralta, Armando Gutierrez",English,N/A,USA,Working Title,"5,815",0.42,,
tt6769280,Time Freak,(2018),PG-13,104min,"Comedy,Drama,Romance",,,"$10,003","$540,681",Also Known As: Loucura do Tempo,0,0,0,0,0,"530,678",07 Nov 2018,"Comedy, Drama, Romance, Sci-Fi",Andrew Bowler,Andrew Bowler,"Asa Butterfield, Sophie Turner, Skyler Gisondo, Will Peltz",English,N/A,USA,Lionsgate,"3,185",0.57,,
tt3226786,Bigger,(2018),PG-13,107min,"Biography,Drama",,"$31,477","$46,382","$46,382",Also Known As: Больше,0,0,0,0,0,0,12 Oct 2018,"Biography, Drama",George Gallo,"Andy Weiss, George Gallo, Brad Furman, Ellen Furman","Julianne Hough, Kevin Durand, Max Martini, Tyler Hoechlin",English,N/A,USA,Entertainment Studios Motion Pictures,"1,083",0.65,0.2,0.37
tt6921996,Johnny English Strikes Again,(2018),PG,89min,"Action,Adventure,Comedy","$25,000,000","$1,638,895","$4,412,170","$158,953,864",Release Date: 21 September 2018 (Taiwan),"1,900,782","24,911,489","4,093,089","5,062,067","3,118,088","154,541,694",26 Oct 2018,"Action, Adventure, Comedy",David Kerr,William Davies (screenplay by),"Kevin Eldon, Emma Thompson, Adam James, Rowan Atkinson","English, Russian, French, German",N/A,"UK, France, USA, China",Universal Pictures,"45,331",0.62,0.37,0.39
tt6866224,The Hummingbird Project,(2018),R,111min,Thriller,,"$34,202","$371,784","$816,218",Release Date: 22 March 2019 (Canada),0,0,0,0,0,"444,434",22 Mar 2019,Thriller,Kim Nguyen,Kim Nguyen,"Jesse Eisenberg, Alexander Skarsgård, Salma Hayek, Michael Mando",English,N/A,"Belgium, Canada",The Orchard,"1,010",0.65,0.52,0.58
tt5179598,Billionaire Boys Club,(2018),R,108min,"Biography,Drama,Thriller","$15,000,000",,"$1,349","$4,468,441",Release Date: 17 July 2018 (USA),"189,685",0,"88,513","41,692",0,"4,467,092",17 Jul 2018,"Biography, Drama, Thriller",James Cox,"James Cox, Captain Mauzner","Ansel Elgort, Kevin Spacey, Taron Egerton, Emma Roberts",English,N/A,USA,Vertical Entertainment,"7,557",0.56,0.07,0.3
tt2677722,City of Lies,(2018),R,112min,"Biography,Crime,Drama",,,,"$1,605,775",Also Known As: LAbyrinth,0,0,0,0,0,"1,605,775",10 Jan 2019,"Biography, Crime, Drama, Mystery, Thriller",Brad Furman,"Randall Sullivan (based on the non-fiction book by), Christian Contreras (screenplay)","Johnny Depp, Forest Whitaker, Toby Huss, Dayton Callie",English,N/A,"UK, USA",Fathom Events,426,0.68,,
tt5208252,Operation Finale,(2018),PG-13,122min,"Biography,Drama,History","$24,000,000","$6,022,758","$17,612,099","$17,612,099",Release Date: 29 August 2018 (USA),0,0,0,0,0,0,29 Aug 2018,"Biography, Drama, History, Thriller, War",Chris Weitz,Matthew Orton,"Oscar Isaac, Ben Kingsley, Mélanie Laurent, Lior Raz","English, Spanish, French, German",N/A,USA,MGM,"20,242",0.65,0.61,0.58
tt7961060,Dragon Ball Super: Broly,(2018),PG,100min,"Animation,Action,Adventure","$8,500,000","$9,816,197","$30,712,119","$114,102,821",Release Date: 22 February 2019 (Taiwan),0,"3,100,654","563,830","232,478","81,563","83,390,702",16 Jan 2019,"Animation, Action, Adventure, Family, Fantasy, Sci-Fi",Tatsuya Nagamine,"Akira Toriyama (character creator), Akira Toriyama (screenplay)","Masako Nozawa, Aya Hisakawa, Ryô Horikawa, Toshio Furukawa","Japanese, English",N/A,Japan,N/A,"15,802",0.8,,0.59
tt5734576,The Possession of Hannah Grace,(2018),R,86min,"Horror,Mystery,Thriller","$7,700,000","$6,401,744","$14,837,422","$43,016,528",Also Known As: Cadáver,0,0,0,"607,118","313,764","28,179,106",30 Nov 2018,"Horror, Mystery, Thriller",Diederik Van Rooijen,Brian Sieve,"Shay Mitchell, Grey Damon, Kirby Johnson, Nick Thune",English,N/A,USA,Screen Gems,"11,168",0.52,0.19,0.37
tt2709692,The Grinch,(2018),PG,85min,"Animation,Comedy,Family","$75,000,000","$67,572,855","$270,620,950","$511,594,458",Release Date: 9 November 2018 (Taiwan),"538,996","3,907,985","838,801","543,758","698,258","240,973,508",09 Nov 2018,"Animation, Comedy, Family, Fantasy, Musical","Yarrow Cheney, Scott Mosier","Michael LeSieur (screenplay by), Tommy Swerdlow (screenplay by), Dr. Seuss (based on the book ""How The Grinch Stole Christmas"" by)","Benedict Cumberbatch, Cameron Seely, Rashida Jones, Pharrell Williams",English,N/A,"France, China, Japan, USA",Universal Pictures,"29,202",0.63,0.59,0.51
tt6957966,Little Italy,(2018),R,102min,"Comedy,Romance",,"$283,399","$990,230","$1,362,536",Release Date: 24 August 2018 (Canada),0,0,0,0,0,"372,306",21 Sep 2018,"Comedy, Romance",Donald Petrie,"Steve Galluccio, Vinay Virmani","Hayden Christensen, Emma Roberts, Danny Aiello, Andrea Martin","English, Italian",N/A,"Canada, USA",Lionsgate,"5,777",0.57,0.19,0.28
tt6483364,Teen Spirit,(2018),PG-13,93min,"Drama,Music",,"$43,620","$441,366","$533,220",Also Known As: Alcanzando tu sueño,"32,347",0,0,0,0,"91,854",19 Apr 2019,"Drama, Music",Max Minghella,Max Minghella,"Elle Fanning, Agnieszka Grochowska, Archie Madekwe, Zlatko Buric",English,N/A,"UK, USA",LD Entertainment and Bleecker Street,666,0.62,0.71,0.57
tt2372251,Down a Dark Hall,(2018),PG-13,96min,"Drama,Fantasy,Horror",,,,"$2,557,053",Also Known As: Corredor Assombrado,0,0,0,"145,765","15,920","2,557,053",17 Aug 2018,"Drama, Fantasy, Horror, Thriller",Rodrigo Cortés,"Michael Goldbach (screenplay by), Chris Sparling (screenplay by), Lois Duncan (based on the novel by)","AnnaSophia Robb, Uma Thurman, Isabelle Fuhrman, Victoria Moroles",English,N/A,"Spain, USA",Summit Entertainment,"8,352",0.52,0.5,0.56
tt8426594,The Wind,(II),R,86min,"Horror,Western",,"$14,138","$28,252","$44,070",Release Date: 5 April 2019 (USA),0,0,0,0,0,"15,818",05 Apr 2019,"Horror, Western",Emma Tammi,Teresa Sutherland,"Miles Anderson, Caitlin Gerard, Julia Goldani Telles, Dylan McTee",English,N/A,USA,N/A,"2,105",0.56,,0.66
tt4844148,Mia and the White Lion,(2018),PG,98min,"Adventure,Drama,Family",,"$192,816","$399,471","$36,412,175",Also Known As: Mi mascota es un león,0,0,0,0,"39,669","36,012,704",12 Apr 2019,"Adventure, Drama, Family",Gilles de Maistre,"Prune de Maistre (screenplay), William Davies (screenplay), Prune de Maistre (original idea), Gilles de Maistre (original idea), Jean-Paul Husson (story)","Daniah De Villiers, Mélanie Laurent, Langley Kirkwood, Ryan Mac Lennan","English, French",N/A,"France, Germany, South Africa",N/A,"1,042",0.65,,0.52
tt4052050,He's Out There,(2018),R,89min,"Horror,Thriller",,,,"$544,674",Also Known As: Disarida,0,0,0,0,0,"544,674",07 Nov 2018,"Horror, Thriller",Quinn Lasher,Mike Scannell,"Yvonne Strahovski, Anna Pniowsky, Abigail Pniowsky, Ryan McDonald",English,N/A,USA,Octane Entertainment,"4,332",0.52,0.5,
tt7295450,Between Worlds,(2018),R,90min,"Drama,Fantasy,Thriller",,,,"$53,708",Also Known As: El portal del más allá,0,0,0,0,0,"53,708",21 Dec 2018,"Fantasy, Thriller",Maria Pulera,Maria Pulera,"Nicolas Cage, Franka Potente, Penelope Mitchell, Garrett Clayton",English,N/A,Spain,N/A,"3,659",0.5,0.32,0.24
tt5855772,Sunset,(2018),R,142min,Drama,"€8,900,000","$13,846","$164,906","$1,002,756",Release Date: 27 September 2018 (Hungary),0,0,0,0,0,"837,850",22 Mar 2019,Drama,László Nemes,"László Nemes, Clara Royer, Matthieu Taponier","Evelin Dobos, Susanne Wuest, Juli Jakab, Björn Freiberg","Hungarian, German",N/A,"Hungary, France",N/A,"1,749",0.66,,0.65
tt6829180,Welcome Home,(I),R,97min,Thriller,,,,"$268,352",Also Known As: Az otthon melege,0,0,0,0,0,"268,352",16 Nov 2018,Thriller,George Ratliff,David Levinson,"Emily Ratajkowski, Aaron Paul, Riccardo Scamarcio, Katy Louise Saunders",English,N/A,USA,Vertical Entertainment,"2,481",0.52,0.14,0.38
tt5834760,Look Away,(2018),TV-MA,103min,"Horror,Thriller",,,,"$1,103,284",Release Date: 2 November 2018 (Poland),0,0,0,0,0,"1,103,284",02 Nov 2018,"Horror, Thriller",Assaf Bernstein,Assaf Bernstein,"India Eisley, Jason Isaacs, Mira Sorvino, Penelope Mitchell",English,N/A,Canada,Vertical Entertainment,"10,873",0.63,0.17,
tt7460806,The Festival,(2018),NotRated,98min,Comedy,,,,"$4,523,842",Also Known As: Фестиваль,0,0,0,0,0,"4,523,842",14 Aug 2018,Comedy,Iain Morris,"Keith Akushie, Joe Parham","Joe Thomas, Hannah Tointon, Hammed Animashaun, Hugh Coles",English,N/A,UK,N/A,"3,590",0.59,0.8,0.57
tt7424200,Teen Titans Go! To the Movies,(2018),PG,84min,"Animation,Action,Comedy","$10,000,000","$10,411,189","$29,790,236","$52,090,236",Release Date: 27 July 2018 (USA),0,0,0,0,0,"22,300,000",27 Jul 2018,"Animation, Action, Comedy, Family, Musical, Sci-Fi","Aaron Horvath, Peter Rida Michail","Michael Jelenic, Aaron Horvath, Jerry Siegel (Superman created by), Joe Shuster (Superman created by), Marv Wolfman (based on characters created by), George Pérez (based on characters created by), Arnold Drake (based on characters created by), Bob Kane (Batman and Robin created by), Bill Finger (Batman and Robin created by), William Moulton Marston (Wonder Woman created by)","Greg Cipes, Scott Menville, Khary Payton, Tara Strong",English,N/A,USA,Warner Bros. Pictures,"12,209",0.68,0.91,0.69
tt6916362,The Purity of Vengeance,(2018),NotRated,119min,"Crime,Mystery,Thriller","kr39,000,000",,,"$470,308",Also Known As: A 64-es betegnapló,0,0,0,0,0,"470,308",04 Oct 2018,"Crime, Mystery, Thriller",Christoffer Boe,"Jussi Adler-Olsen (novel), Nikolaj Arcel, Bo Hr. Hansen, Mikkel Nørgaard","Nikolaj Lie Kaas, Fares Fares, Johanne Louise Schmidt, Søren Pilmark","Danish, Arabic, Spanish, German",N/A,"Denmark, Germany",N/A,"3,627",0.75,,
tt6301452,Matriarch,(I),R,91min,"Horror,Thriller",,,,"$5,535",Release Date: 2 November 2018 (UK),0,0,0,0,0,"5,535",09 Apr 2019,"Horror, Thriller",Scott Vickers,Scott Vickers,"Charlie Blackwood, Julie Hannan, Scott Vickers, Alan Cuthbert",English,N/A,UK,N/A,314,0.6,,
tt5709188,A-X-L,(2018),PG,98min,"Action,Adventure,Family",,"$2,798,229","$6,501,381","$8,467,697",Release Date: 12 October 2018 (Taiwan),0,0,0,0,0,"1,966,316",24 Aug 2018,"Action, Adventure, Family, Sci-Fi",Oliver Daly,Oliver Daly,"Alex Neustaedter, Becky G, Alex MacNicoll, Dominic Rains",English,N/A,USA,Cranium Entertainment,"6,431",0.52,0.67,0.29
tt6684884,Ladies in Black,(2018),PG,109min,"Comedy,Drama",,,,"$9,355,322",Release Date: 20 September 2018 (Australia),0,0,0,0,0,"9,355,322",20 Sep 2018,"Comedy, Drama",Bruce Beresford,"Madeleine St. John (based on the novel: ""The Women in Black"" by), Sue Milliken (screenplay), Bruce Beresford (screenplay)","Julia Ormond, Angourie Rice, Rachael Taylor, Alison McGirr",English,N/A,Australia,Sony Pictures,"2,462",0.67,0.85,
tt6118340,The Basement,(II),TV-MA,90min,Horror,,,,"$4,286",Release Date: 14 September 2018 (USA),0,0,0,0,0,"4,286",14 Sep 2018,Horror,"Brian M. Conley, Nathan Ives","Brian M. Conley, Nathan Ives, Sean Decker (additional scenes by)","Mischa Barton, Cayleb Long, Jackson Davis, Tracie Thoms",English,N/A,USA,N/A,"1,159",0.37,,0.27
tt2690226,The Chaperone,(2018),NotRated,103min,Drama,,"$12,150","$581,219","$1,521,788","Gross USA: $581,219, 30 May 2019",0,0,0,0,0,"940,569",29 Mar 2019,Drama,Michael Engler,"Julian Fellowes (screenplay by), Laura Moriarty (based on the book by)","Miranda Otto, Haley Lu Richardson, Elizabeth McGovern, Blythe Danner",English,N/A,"UK, Australia, USA",PBS Distribution,85,0.69,0.44,0.48
tt8097306,Nobody's Fool,(2018),R,110min,"Comedy,Drama,Romance","$19,000,000","$13,743,111","$31,713,110","$33,532,593",Also Known As: Pas si folle,0,0,0,0,0,"1,819,483",02 Nov 2018,"Comedy, Drama, Romance",Tyler Perry,Tyler Perry,"Tiffany Haddish, Tika Sumpter, Omari Hardwick, Mehcad Brooks",English,N/A,USA,N/A,"3,383",0.46,,0.39
tt7461200,The Oath,(2018),R,93min,"Comedy,Thriller",,"$29,077","$401,463","$401,463",Release Date: 19 October 2018 (Canada),0,0,0,0,0,0,19 Oct 2018,"Comedy, Thriller",Ike Barinholtz,Ike Barinholtz,"Ike Barinholtz, Tiffany Haddish, Nora Dunn, Chris Ellis",English,N/A,USA,Roadside Attractions,"2,398",0.53,0.62,0.58
tt6383494,Holy Lands,(2018),NotRated,100min,Drama,,,,"$284,431",Also Known As: Lugares Sagrados,0,0,0,0,0,"284,431",21 Jun 2019,Drama,Amanda Sthers,Amanda Sthers,"Efrat Dor, Jonathan Rhys Meyers, Tom Hollander, Rosanna Arquette",English,N/A,"France, Belgium",N/A,77,0.54,,
tt7692966,The Third Wife,(2018),R,96min,Drama,,"$3,339","$26,049","$200,763",Also Known As: A Terceira Esposa,0,0,0,0,0,"174,714",15 May 2019,Drama,Ash Mayfair,Ash Mayfair,"Long Le Vu, Mai Thu Huong Maya, Nguyen Phuong Tra My, Nhu Quynh Nguyen",Vietnamese,N/A,Vietnam,Film Movement,144,0.72,0.88,
tt7262882,Master Z: Ip Man Legacy,(2018),NotRated,107min,"Action,Crime",,"$92,663","$209,454","$21,771,228",Release Date: 26 December 2018 (Taiwan),0,"19,490,366","1,976,450",0,0,"21,561,774",12 Apr 2019,"Action, Crime",Woo-Ping Yuen,"Edmond Wong (screenplay by), Tai-lee Chan (screenplay by)","Jin Zhang, Dave Bautista, Michelle Yeoh, Tony Jaa","Cantonese, Mandarin, English",N/A,"Hong Kong, China",N/A,"2,526",0.65,,0.72
tt7374952,El Chicano,(2018),R,108min,Drama,"$8,000,000","$700,261","$1,400,603","$1,400,603",Filming Locations:,0,0,0,0,0,0,03 May 2019,Drama,Ben Hernandez Bray,"Ben Hernandez Bray, Joe Carnahan","Logan Arevalo, Jose Pablo Cantillo, Tom Carey, David Castañeda",English,N/A,USA,N/A,65,0.81,,
tt8821182,Aurora,(IV),TV-14,110min,"Horror,Thriller","$3,000,000",,,"$11,232",Release Date: 27 December 2018 (Thailand),0,0,0,0,0,"11,232",18 Jan 2019,"Horror, Thriller",Yam Laranas,"Gin De Mesa (story), Gin De Mesa (screenplay), Yam Laranas (screenplay)","Anne Curtis, Allan Paule, Mercedes Cabral, Marco Gumabao","Filipino, Tagalog",N/A,Philippines,N/A,233,0.44,,
tt4614612,Peterloo,(2018),PG-13,154min,"Drama,History",,"$26,002","$151,971","$1,987,010",Release Date: 2 November 2018 (UK),0,0,0,0,0,"1,835,039",05 Apr 2019,"Drama, History",Mike Leigh,Mike Leigh,"Rory Kinnear, Maxine Peake, Pearce Quigley, David Moorst",English,N/A,UK,Amazon Studios,"1,723",0.65,0.65,0.67
tt7838252,K.G.F: Chapter 1,(2018),NotRated,156min,"Action,Drama",,,,"$183,627",Release Date: 21 December 2018 (India),0,0,0,0,0,"183,627",20 Dec 2018,"Action, Drama",Prashanth Neel,Prashanth Neel,"Yash, Srinidhi Shetty, Ramachandra Raju, Archana Jois","Kannada, Chinese, Japanese, Tamil, Telugu, Hindi, Malayalam, English, Korean",N/A,India,Weekend Cinema,"23,139",0.83,0.67,
tt1999890,Hell Fest,(2018),R,89min,Horror,"$5,500,000","$5,130,963","$11,107,431","$18,159,691",Release Date: 2 November 2018 (Taiwan),"74,055",0,"143,591","254,831","62,077","7,052,260",28 Sep 2018,Horror,Gregory Plotkin,"Seth M. Sherwood (screenplay by), Blair Butler (screenplay by), William Penick (story by), Christopher Sey (story by), Stephen Susco (story by), Akela Cooper (screenplay by)","Cynthea Mercado, Stephen Conroy, Amy Forsyth, Bex Taylor-Klaus",English,N/A,USA,Tucker Tooley Entertainment,"8,435",0.55,0.39,0.26
tt1235187,Where Hands Touch,(2018),PG-13,122min,"Drama,Romance,War",,"$67,743","$67,743","$123,984",Also Known As: Milosc w trudnych czasach,0,0,0,0,0,"56,241",14 Sep 2018,"Drama, Romance, War",Amma Asante,Amma Asante,"Abbie Cornish, Amandla Stenberg, Christopher Eccleston, George MacKay",English,N/A,UK,Vertical Entertainment,"1,111",0.55,0.41,0.45
tt5779372,An Interview with God,(2018),Unrated,97min,"Drama,Mystery",,,"$1,201,434","$2,033,013",Release Date: 21 August 2018 (USA),0,0,0,0,0,"831,579",21 Aug 2018,"Drama, Mystery",Perry Lang,Ken Aguado,"Brenton Thwaites, Yael Grobglas, David Strathairn, Charlbi Dean Kriek",English,N/A,USA,N/A,"1,714",0.58,0.6,
tt7816392,The Bouncer,(2018),R,94min,"Action,Drama,Thriller","$7,000,000",,,"$481,716",Release Date: 22 August 2018 (France),0,0,0,0,0,"481,716",22 Aug 2018,"Action, Drama, Thriller",Julien Leclercq,Jérémie Guez (screenplay),"Jean-Claude Van Damme, Sami Bouajila, Sveva Alviti, Sam Louwyck","French, English",N/A,"France, Belgium, British Virgin Islands",Blue Fox Entertainment,"2,819",0.6,0.8,
tt3312180,The Last Man,(2018),R,100min,"Action,Drama,Sci-Fi",,,,"$12,047",Also Known As: The Last Man: On the Face of the Earth,0,0,0,0,0,"12,047",18 Jan 2019,"Action, Drama, Sci-Fi, Thriller",Rodrigo H. Vila,"Rodrigo H. Vila, Gustavo Lencina (additional writer), Dan Bush (script collaborator)","Hayden Christensen, Harvey Keitel, Marco Leonardi, Liz Solari",English,N/A,"Argentina, Canada",Lionsgate,568,0.4,,
tt7515456,Mission of Honor,(2018),NotRated,107min,"Action,Drama,War","$10,000,000",,,"$2,137,751",Release Date: 17 August 2018 (Poland),0,0,0,0,0,"2,137,751",15 Mar 2019,"Action, Drama, War",David Blair,"Robert Ryan, Alastair Galbraith","Iwan Rheon, Milo Gibson, Stefanie Martini, Krystof Hádek","English, Polish, German",N/A,"UK, Poland",Cinedigm,"2,071",0.59,0.83,
tt4743226,Air Strike,(2018),R,120min,"Action,Adventure,Drama","$65,000,000",,,"$514,618",Also Known As: The Bombing,0,0,0,0,0,"514,618",26 Oct 2018,"Action, Adventure, Drama, War",Xiao Feng,"Ping Chen, Tie Dong Zhou (script translation)","Ye Liu, Bruce Willis, Seung-heon Song, William Wai-Ting Chan","Chinese, English, Japanese",N/A,China,Lionsgate,"2,371",0.33,,
tt7471884,Silencio,(I),R,98min,"Drama,Mystery,Thriller",,"$90,480","$158,723","$338,596",Release Date: 26 October 2018 (USA),0,0,0,0,0,"179,873",26 Oct 2018,"Drama, Mystery, Thriller",Lorena Villarreal,Lorena Villarreal,"Novak Ricardo Cañamar, Anna Cetti, Michel Chauvet, Shayne Coleman","Spanish, English",N/A,"Mexico, USA",Tulip Pictures,69,0.59,0.38,0.29
tt6547170,Reprisal,(I),R,89min,"Action,Crime,Thriller",,,,"$598,625",Release Date: 31 August 2018 (USA),0,0,0,0,0,"598,625",31 Aug 2018,"Action, Crime, Thriller",Brian A. Miller,Bryce Hammons,"Bruce Willis, Frank Grillo, Johnathon Schaech, Olivia Culpo",English,N/A,"UK, USA",Lionsgate,"4,063",0.42,0.0,0.19
tt7455076,Benjamin,(II),R,85min,"Comedy,Romance",,,,"$97,525",Release Date: 15 March 2019 (UK),0,0,0,0,0,"97,525",15 Mar 2019,Comedy,Simon Amstell,Simon Amstell,"Colin Morgan, Anna Chancellor, Phénix Brossard, Joel Fry",English,N/A,UK,N/A,83,0.81,,
tt6523720,The Quake,(2018),PG-13,106min,"Action,Drama,Thriller","kr52,100,000","$3,256","$6,235","$13,426,789",Release Date: 23 November 2018 (Taiwan),0,0,"164,690",0,0,"13,420,554",14 Dec 2018,"Action, Drama, Thriller",John Andreas Andersen,"John Kåre Raake, Harald Rosenløw-Eeg","Kristoffer Joner, Ane Dahl Torp, Edith Haagenrud-Sande, Kathrine Thorborg Johansen",Norwegian,N/A,Norway,N/A,"4,667",0.62,0.83,0.7
tt7725596,Badhaai Ho,(2018),NotRated,124min,"Comedy,Drama",,,,"$2,002,707",Release Date: 18 October 2018 (India),0,0,0,0,0,"2,002,707",19 Oct 2018,"Comedy, Drama",Amit Ravindernath Sharma,"Akshat Ghildial (screenplay and dialogue), Akshat Ghildial (story), Jyoti Kapoor (story), Shantanu Srivastava (story)","Ayushmann Khurrana, Sanya Malhotra, Neena Gupta, Gajraj Rao",Hindi,N/A,India,Junglee Pictures,"16,507",0.81,0.9,
tt7365604,Dog Days,(I),PG,113min,"Comedy,Drama,Romance",,"$2,554,766","$6,809,080","$6,819,044",Release Date: 8 August 2018 (USA),0,0,0,0,0,"9,964",08 Aug 2018,"Comedy, Drama, Romance",Ken Marino,"Elissa Matsueda (screenplay by), Erica Oyama (screenplay by), Elissa Matsueda (story by)","Nina Dobrev, Vanessa Hudgens, Adam Pally, Eva Longoria",English,N/A,USA,LD Entertainment,"2,586",0.61,0.62,0.47
tt7745068,My Hero Academia: Two Heroes,(2018),PG-13,96min,"Animation,Action,Adventure",,"$1,388,499","$5,754,556","$21,006,346",Also Known As: My Hero Academia: Two Heroes,0,"5,779,149","111,326",0,0,"15,251,790",25 Sep 2018,"Animation, Action, Adventure, Comedy, Fantasy, Sci-Fi",Kenji Nagasaki,"Kôhei Horikoshi (manga), Yôsuke Kuroda (script writer), Kôhei Horikoshi (story)","Justin Briner, Christopher Sabat, Ray Chase, Erica Mendez","Japanese, English",N/A,Japan,N/A,"2,951",0.78,1.0,
tt5080556,2.0,(2018),NotRated,148min,"Action,Sci-Fi","रू5,420,000,000","$2,775,000","$4,152,000","$8,974,998",Release Date: 29 November 2018 (India),0,0,0,0,0,"4,822,998",29 Nov 2018,"Action, Sci-Fi, Thriller",S. Shankar,"Jayamohan (tamil dialogue), Lakshmi Saravanakumar (additional tamil dialogue), S. Shankar, Abbas Tyrewala (hindi dialogue)","Rajinikanth, Akshay Kumar, Amy Jackson, Adil Hussain",Tamil,N/A,India,Lyca Productions,"15,805",0.7,0.63,
tt6931414,The Great Battle,(2018),NotRated,136min,"Action,Drama,History","￦15,000,000,000","$123,983","$472,166","$41,509,280",Release Date: 12 October 2018 (Taiwan),0,0,0,0,0,"41,037,114",21 Sep 2018,"Action, Drama, History, War",Kwang-shik Kim,N/A,"In-sung Jo, Joo-Hyuk Nam, Sung-woong Park, Eun-chae Jung","Korean, Mandarin",N/A,South Korea,Well Go USA Entertainment,"1,598",0.7,,
tt6704776,El fotógrafo de Mauthausen,(2018),TV-MA,110min,"Biography,Drama,History",,,,"$2,701,645",Also Known As: Fotograf z Mauthausen,0,0,0,0,0,"2,701,645",26 Oct 2018,"Biography, Drama, History, Thriller, War",Mar Targarona,"Roger Danès, Alfred Pérez Fargas","Mario Casas, Richard van Weyden, Alain Hernández, Adrià Salazar","Spanish, German",N/A,Spain,N/A,"3,612",0.67,0.86,
tt2018069,Our House,(I),PG-13,90min,"Drama,Horror,Thriller",,,,"$24,039",Also Known As: Our House,0,0,0,0,0,"24,039",27 Jul 2018,"Drama, Horror, Thriller",Anthony Scott Burns,"Nathan Parker (screenplay by), Matt Osterman (based on the original motion picture ""Ghost from the Machine"" by)","John Ralston, Thomas Mann, Percy Hynes White, Lucius Hoyos",English,N/A,"Canada, Germany, USA",IFC Midnight,"3,838",0.53,0.6,0.45
tt7367960,Checkered Ninja,(2018),NotRated,81min,"Animation,Adventure,Comedy",,,,"$441,829",Also Known As: Checkered Ninja,0,0,0,0,0,"441,829",25 Dec 2018,"Animation, Comedy","Thorbjørn Christoffersen, Anders Matthesen",Anders Matthesen,"Anders Matthesen, Alfred Bjerre Larsen, Emma Sehested Høeg",Danish,N/A,Denmark,N/A,"1,112",0.81,,
tt6197494,Malicious,(2018),TV-MA,90min,"Horror,Thriller","$3,500,000",,,"$1,191,643",Also Known As: Зло,0,0,0,0,0,"1,191,643",09 Aug 2018,"Horror, Thriller",Michael Winnick,Michael Winnick,"Josh Stewart, Bojana Novakovic, Delroy Lindo, Melissa Bolona",English,N/A,USA,Impossible Dream Entertainment,"2,327",0.5,,
tt2160105,I Still See You,(2018),PG-13,98min,"Fantasy,Thriller",,$815,"$1,359","$2,340,557",Also Known As: Break My Heart 1000 Times,0,0,"30,258","21,203",0,"2,339,198",12 Oct 2018,"Fantasy, Thriller",Scott Speer,"Jason Fuchs (screenplay by), Daniel Waters (based on the novel ""Break My Heart One Thousand Times"" by)","Bella Thorne, Richard Harmon, Dermot Mulroney, Amy Price-Francis",English,N/A,USA,Lionsgate,"4,825",0.57,0.18,0.31
tt1773753,Mara,(I),R,98min,"Crime,Horror,Thriller","$5,000,000",,,"$661,769",Also Known As: Amikor lehunyod a szemed,0,0,0,0,0,"661,769",07 Sep 2018,"Crime, Horror, Thriller",Clive Tonge,"Clive Tonge (story by), Jonathan Frank (story by), Jonathan Frank","Olga Kurylenko, Craig Conway, Javier Botet, Rosie Fellner",English,N/A,UK,N/A,"4,287",0.51,,0.32
tt5843780,River Runs Red,(2018),NotRated,94min,Thriller,,"$6,349","$9,893","$9,893",Also Known As: Nehir Kirmizi Akar,0,0,0,0,0,0,09 Nov 2018,Thriller,Wes Miller,Wes Miller,"Taye Diggs, John Cusack, George Lopez, Luke Hemsworth",English,N/A,USA,Cinedigm,"2,103",0.49,0.22,0.26
tt5979872,Bleach,(2018),TV-14,108min,"Action,Adventure,Fantasy","$3,598,902",,,"$3,729,856",Release Date: 20 July 2018 (Japan),0,"482,325",0,0,0,"3,729,856",20 Jul 2018,"Action, Adventure, Fantasy",Shinsuke Sato,"Tite Kubo (manga), Ardwight Chamberlain (script adaptation), Shinsuke Sato (screenplay), Daisuke Habara (screenplay)","Sôta Fukushi, Hana Sugisaki, Ryô Yoshizawa, Miyavi",Japanese,N/A,Japan,Netflix,"8,247",0.64,0.8,
tt7212726,Simmba,(2018),NotRated,158min,"Action,Comedy,Crime",रू1,"$1,758,576","$5,102,129","$9,865,268",Release Date: 28 December 2018 (India),0,0,0,0,0,"4,763,139",28 Dec 2018,"Action, Comedy, Crime, Drama",Rohit Shetty,"Puri Jagannadh (original story), Vakkantham Vamsi (original story), Yunus Sajawal (screenplay), Sajid (screenplay), Farhad Samji (dialogue)","Ranveer Singh, Sara Ali Khan, Sonu Sood, Ashutosh Rana","Hindi, Marathi, English",N/A,India,N/A,"14,182",0.63,0.3,
tt7913394,Norm of the North: Keys to the Kingdom,(2018),PG,91min,"Animation,Adventure,Comedy",,,,"$1,131,450",Also Known As: Norm of the North 2,0,0,0,0,0,"1,131,450",31 Aug 2018,"Animation, Adventure, Comedy, Family","Richard Finn, Tim Maltby","Daniel Altiere (characters), Steven Altiere (characters), Derek Chan, Elie Choufany, Alec Sokolow, Dean Stefan","Andrew Toth, Maya Kay, Alan Marriott, Maureen Jones",English,N/A,"India, USA",N/A,261,0.32,,
tt3722234,Gosnell: The Trial of America's Biggest Serial Killer,(2018),PG-13,93min,"Crime,Drama",,"$1,162,988","$3,679,893","$3,679,893",Release Date: 12 October 2018 (USA),0,0,0,0,0,0,12 Oct 2018,"Crime, Drama",Nick Searcy,"Andrew Klavan (screenplay by), Ann McElhinney (screenplay by), Phelim McAleer (screenplay by), Andrew Klavan (story by), Phelim McAleer (based on the book 'Gosnell' by), Ann McElhinney (based on the book 'Gosnell' by)","Dean Cain, Janine Turner, Michael Beach, Sarah Jane Morris",English,N/A,USA,GVN Releasing,"3,158",0.69,0.57,
tt4481066,Giant Little Ones,(2018),R,93min,Drama,,"$13,042","$181,507","$181,507",Also Known As: G.L.O.,0,0,0,0,0,0,03 Jan 2019,Drama,Keith Behrman,Keith Behrman,"Josh Wiggins, Darren Mann, Taylor Hickson, Maria Bello",English,N/A,Canada,N/A,722,0.73,,0.67
tt2034176,Redcon-1,(2018),NotRated,115min,"Action,Horror,Thriller",,,,"$23,462",Release Date: 7 September 2018 (Taiwan),0,0,0,0,0,"23,462",01 Sep 2018,"Action, Horror, Thriller",Chee Keong Cheung,"Chee Keong Cheung, Steve Horvath, Mark Strange","Oris Erhuero, Carlos Gallardo, Mark Strange, Katarina Leigh Waters",English,N/A,UK,Epic Pictures,"1,184",0.49,0.36,
tt7489816,Nothing to Hide,(2018),TV-MA,90min,"Comedy,Drama",,,,"$13,189,388",Also Known As: De parfaits inconnus,0,0,0,0,0,"13,189,388",17 Oct 2018,"Comedy, Drama",Fred Cavayé,"Filippo Bologna (film ""Perfetti sconosciuti""), Fred Cavayé (adaptation), Fred Cavayé (dialogue), Paolo Costella (film ""Perfetti sconosciuti""), Paolo Genovese (film ""Perfetti sconosciuti""), Paola Mammini (film ""Perfetti sconosciuti""), Rolando Ravello (film ""Perfetti sconosciuti"")","Bérénice Bejo, Suzanne Clément, Stéphane De Groodt, Vincent Elbaz",French,N/A,"France, Belgium",N/A,"7,261",0.69,,
tt6792282,A Twelve-Year Night,(2018),TV-MA,122min,"Biography,Crime,Drama",,,,"$803,720",Also Known As: A Twelve-Year Night,0,0,0,0,0,"803,720",28 Dec 2018,"Biography, Crime, Drama, History",Álvaro Brechner,Álvaro Brechner,"Antonio de la Torre, Chino Darín, Alfonso Tort, César Troncoso",Spanish,N/A,"Uruguay, Spain, Argentina, France, Germany",N/A,"4,229",0.77,,
tt7087210,Donnybrook,(2018),R,101min,Drama,,"$9,802","$26,284","$26,284",Also Known As: Below the Belt: Brawl at Donnybrook,0,0,0,0,0,0,15 Feb 2019,Drama,Tim Sutton,"Frank Bill (based on the novel by), Tim Sutton","Michael Agee, Adam Bartley, Jamie Bell, Chris Browning",English,N/A,USA,IFC Films,545,0.57,0.39,0.53
tt6433832,The Tree of Blood,(2018),TV-MA,130min,Drama,,,,"$315,750",Release Date: 31 October 2018 (Spain),0,0,0,0,0,"315,750",08 Feb 2019,N/A,Julio Medem,Julio Medem,"Álvaro Cervantes, Úrsula Corberó, Patricia López Arnaiz, Joaquín Furriel",Spanish,N/A,Spain,N/A,977,0.63,,
tt7491144,Amanda,(2018),G,107min,Drama,,,,"$2,023,918",Release Date: 3 April 2019 (Taiwan),0,0,0,0,0,"2,023,918",21 Nov 2018,Drama,Mikhaël Hers,"Maud Ameline (screenplay), Mikhaël Hers (screenplay)","Vincent Lacoste, Isaure Multrier, Stacy Martin, Ophélia Kolb",French,N/A,France,N/A,645,0.72,,
tt7530986,Lady J,(2018),TV-14,109min,"Drama,Romance",,,,"$4,083,370",Release Date: 12 September 2018 (France),0,0,0,0,0,"4,083,370",12 Sep 2018,"Drama, Romance",Emmanuel Mouret,"Denis Diderot (novel), Emmanuel Mouret (screenplay)","Cécile de France, Edouard Baer, Alice Isaaz, Natalia Dontcheva",French,N/A,France,Netflix,"1,106",0.71,0.83,
tt6495094,Little Women,(2018),PG-13,112min,"Drama,Family",,"$705,063","$1,379,497","$1,379,497",Release Date: 28 September 2018 (USA),0,0,0,0,0,0,28 Sep 2018,"Drama, Family",Clare Niederpruem,"Louisa May Alcott, Clare Niederpruem, Kristi Shimek","Sarah Davenport, Lea Thompson, Allie Jennings, Melanie Stone",English,N/A,USA,Pinnacle Peak,588,0.46,0.29,0.4
tt5303442,In Like Flynn,(2018),R,106min,"Action,Adventure","$20,000,000","$6,646","$11,255","$11,255",Release Date: 11 October 2018 (Australia),0,0,0,0,0,0,25 Jan 2019,"Action, Adventure",Russell Mulcahy,"Steve M. Albert, Errol Flynn (original novel), Errol Flynn (original screenplay), Marc Furmie, Corey Large","Thomas Cocquerel, Corey Large, William Moseley, Clive Standen",English,N/A,"Australia, Canada",N/A,391,0.52,,0.66
tt6512428,Indivisible,(II),PG-13,119min,"Drama,War",,"$1,503,101","$3,511,417","$3,589,633",Release Date: 26 October 2018 (USA),0,0,0,0,0,"78,216",26 Oct 2018,"Drama, War",David G. Evans,"David G. Evans, Cheryl McKay, Peter White","Sarah Drew, Justin Bruening, Jason George, Tia Mowry-Hardrict",English,N/A,USA,Kudzu Productions,778,0.56,,0.53
tt7104984,Gun City,(2018),TV-MA,126min,Thriller,,,,"$1,611,770",Also Known As: Gun City,0,0,0,0,0,"1,611,770",11 Oct 2018,Thriller,Dani de la Torre,Patxi Amezcua,"Luis Tosar, Michelle Jenner, Vicente Romero, Manolo Solo",Spanish,N/A,"Spain, France",N/A,"2,000",0.63,,
tt7339792,Unbroken: Path to Redemption,(2018),PG-13,98min,"Biography,Drama",,"$2,238,723","$6,216,897","$6,216,897",Release Date: 14 September 2018 (USA),0,0,0,0,0,0,14 Sep 2018,"Biography, Drama",Harold Cronk,"Richard Friedenberg (screenplay by), Ken Hixon (screenplay by), Laura Hillenbrand (based on the book ""Unbroken"" by)","Samuel Hunt, Merritt Patterson, Bobby Campo, David Sakurai","English, Italian",N/A,USA,Pure Flix,"1,391",0.57,0.36,0.39
tt7807026,Tu hijo,(2018),TV-MA,103min,Drama,,,,"$401,899",Also Known As: En fars hevn,0,0,0,0,0,"401,899",09 Nov 2018,Drama,Miguel Ángel Vivas,"Alberto Marini, Miguel Ángel Vivas","Jose Coronado, Ana Wagener, Asia Ortega, Pol Monen",Spanish,N/A,"Spain, France",Netflix,"2,083",0.61,1.0,
tt8108202,Stree,(2018),NotRated,128min,"Comedy,Horror",,,,"$720,797",Also Known As: Женщина,0,0,0,0,0,"720,797",31 Aug 2018,"Comedy, Horror",Amar Kaushik,"Raj Nidimoru, Krishna D.K., Sumit Arora (dialogue), Pawan Sony (additional story)","Rajkummar Rao, Shraddha Kapoor, Pankaj Tripathi, Aparshakti Khurana",Hindi,N/A,India,N/A,"18,331",0.78,,
tt8074486,The Row,(I),R,85min,"Horror,Thriller","$4,000,000",,,"$22,376",Also Known As: The row (La hermandad),0,0,0,0,0,"22,376",27 Jul 2018,"Horror, Thriller",Matty Beckerman,Sarah Scougal,"Lala Kent, Randy Couture, Natali Yura, Shea Buckner",English,N/A,"Canada, USA",Lionsgate,813,0.33,,
tt3967878,Illang: The Wolf Brigade,(2018),TV-MA,139min,"Action,Sci-Fi","￦19,000,000,000",,,"$6,186,447",Also Known As: In-rang,0,0,0,0,0,"6,186,447",25 Jul 2018,"Action, Sci-Fi","Jee-woon Kim, Jee-woon Kim","Jee-woon Kim, Mamoru Oshii (original story)","Woo-sung Jung, Dong-won Gang, Hyo-Joo Han, Ye-ri Han",Korean,N/A,"Korea, South Korea",Lewis Pictures,"2,196",0.6,0.33,
tt5702446,God Bless the Broken Road,(2018),PG,111min,"Drama,Family,Romance",,"$1,386,254","$2,846,257","$2,848,233",Release Date: 7 September 2018 (USA),0,0,0,0,0,"1,976",07 Sep 2018,"Drama, Family, Romance",Harold Cronk,"Harold Cronk, Jennifer Dornbush, Andy Fraser (story by), Liam Matthews (story)","Matthew Derek Davis, Arthur Cartwright, Adam Agee, Liam Matthews",English,N/A,USA,Freestyle Releasing.,591,0.52,0.1,0.31
tt7044076,The Cleaning Lady,(2018),NotRated,90min,"Horror,Thriller",,,,"$71,003",Also Known As: Something Fierce,0,0,0,0,0,"71,003",N/A,"Horror, Thriller",Jon Knautz,"Alexis Kendra (screenplay), Jon Knautz (screenplay)","Alexis Kendra, Stelio Savante, Rachel Alig, Elizabeth Sandy",English,N/A,USA,Olivargo,164,0.59,0.8,
tt7236034,I Want to Eat Your Pancreas,(2018),NotRated,108min,"Animation,Drama,Romance",,"$111,108","$277,019","$33,748,006",Release Date: 1 September 2018 (Japan),0,"3,510,308",0,0,0,"33,470,987",01 Sep 2018,"Animation, Drama, Romance",Shin'ichirô Ushijima,"Yoru Sumino (novel), Shin'ichirô Ushijima (screenplay), Erica Mendez (adaptation)","Mahiro Takasugi, Lynn, Yukiyo Fujii, Yuma Uchida",Japanese,N/A,Japan,N/A,981,0.77,,
tt6157970,Wheely,(2018),PG,90min,"Animation,Adventure,Comedy","$20,000,000",,,"$1,340,799",Also Known As: Cesur Araba,0,0,0,0,0,"1,340,799",26 Jul 2019,"Animation, Adventure, Comedy, Family",Yusry Abd Halim,"Keith Brumpton, Yusry Abd Halim, Peter Hynes (screenwriter)","Barbara Goodson, Chris Jai Alex, Ogie Banks, Brock Powell",English,N/A,"Malaysia, Maldives, Brunei, Djibouti",N/A,319,0.44,,
tt5936492,The Witch in the Window,(2018),NotRated,77min,"Drama,Horror",,,,"$37,802",Also Known As: The Vermont House,0,0,0,0,0,"37,802",18 Oct 2018,"Drama, Horror",Andy Mitton,Andy Mitton,"Arija Bareikis, Alex Draper, Charlie Tacker, Carol Stanzione",English,N/A,USA,N/A,"2,040",0.57,0.7,
tt6874254,Out of Blue,(2018),Unrated,109min,"Crime,Drama,Mystery",,"$11,719","$18,779","$242,847",Release Date: 22 March 2019 (USA),0,0,0,0,0,"224,068",22 Mar 2019,"Crime, Drama, Mystery",Carol Morley,"Martin Amis (based on the novel by), Carol Morley","Mamie Gummer, Patricia Clarkson, James Caan, Jacki Weaver",English,N/A,"USA, UK",IFC Films,148,0.55,0.36,0.55
tt6927152,Rampant,(2018),NotRated,121min,"Action,Fantasy,Horror",,"$18,326","$167,937","$12,359,573",Also Known As: Rampant,0,0,"314,036",0,0,"12,191,636",02 Nov 2018,"Action, Fantasy, Horror",Sung-hoon Kim,"Jo-yun Hwang, Shin-yeon Won, Hwang Jo Yoon","Hyun Bin, Dong-Gun Jang, Ji-hye Seo, Ju-hyuk Kim","Korean, Mandarin",N/A,South Korea,Well Go USA Entertainment,"1,445",0.62,0.64,
tt8108230,Pokémon the Movie: The Power of Us,(2018),NotRated,97min,"Animation,Action,Adventure",,"$255,299","$789,170","$23,740,788",Release Date: 7 December 2018 (Taiwan),0,0,"317,391",0,0,"22,951,618",24 Nov 2018,"Animation, Action, Adventure, Family, Fantasy",Tetsuo Yajima,"Aya Takaha, Eiji Umehara","Sarah Natochenny, Haven Paschall, Eddy Lee, Kathryn Cahill",Japanese,N/A,Japan,Oriental Light and Magic,862,0.65,0.6,
tt5970844,Thugs of Hindostan,(2018),NotRated,164min,"Action,Adventure","$20,000,000","$1,185,386","$1,449,848","$14,341,431",Release Date: 8 November 2018 (India),0,"9,175,792",0,0,0,"12,891,583",08 Nov 2018,"Action, Adventure",Vijay Krishna Acharya,Vijay Krishna Acharya,"Aamir Khan, Katrina Kaif, Amitabh Bachchan, Fatima Sana Shaikh","Hindi, English",N/A,India,Yash Raj Films USA,"15,142",0.4,0.23,
tt7121252,On My Skin: The Last Seven Days of Stefano Cucchi,(2018),TV-MA,100min,"Biography,Drama",,,,"$657,690",Also Known As: Auf meiner Haut,0,0,0,0,0,"657,690",12 Sep 2018,"Biography, Drama",Alessio Cremonini,"Alessio Cremonini, Lisa Nur Sultan","Alessandro Borghi, Massimiliano Tortora, Milvia Marigliano, Jasmine Trinca",Italian,N/A,Italy,N/A,"4,587",0.74,,
tt6224502,Boarding School,(2018),R,111min,"Horror,Mystery",,,,"$7,438",Also Known As: Kollégium,0,0,0,0,0,"7,438",31 Aug 2018,"Horror, Mystery",Boaz Yakin,Boaz Yakin,"Luke Prael, Samantha Mathis, David Aaron Baker, Michael Wikes",English,N/A,USA,Momentum Pictures,"2,020",0.57,0.33,0.45
tt5474036,Manmarziyaan,(2018),NotRated,156min,Romance,,"$292,439","$567,417","$1,016,545",Also Known As: Husband Material,0,0,0,0,0,"449,128",14 Sep 2018,Romance,Anurag Kashyap,Kanika Dhillon,"Tapsee Pannu, Abhishek Bachchan, Vicky Kaushal, Jasmin Bajwa",Hindi,N/A,India,N/A,"4,887",0.69,,
tt7162390,The Mermaid: Lake of the Dead,(2018),NotRated,90min,"Drama,Fantasy,Horror",,,,"$3,741,098",Also Known As: La sirena: La leyenda jamás contada,0,0,0,0,0,"3,741,098",12 Jul 2018,"Drama, Fantasy, Horror, Mystery, Romance, Thriller",Svyatoslav Podgaevskiy,"Natalya Dubovaya, Ivan Kapitonov, Svyatoslav Podgaevskiy","Viktoriya Agalakova, Efim Petrunin, Sofia Shidlovskaya, Nikita Elenev",Russian,N/A,Russia,N/A,657,0.43,,
tt7049542,An Acceptable Loss,(2018),R,102min,"Drama,Thriller",,"$3,447","$32,427","$32,427",Also Known As: An Acceptable Loss,0,0,0,0,0,0,18 Jan 2019,"Drama, Thriller",Joe Chappelle,Joe Chappelle,"Tika Sumpter, Jamie Lee Curtis, Ben Tavassoli, Jeff Hephner",English,N/A,USA,N/A,360,0.49,,0.4
tt5836706,Head Full of Honey,(2018),PG-13,139min,"Comedy,Drama",,"$8,715","$12,350","$138,844",Also Known As: Head Full of Honey,0,0,0,0,0,"126,494",21 Mar 2019,"Comedy, Drama",Til Schweiger,"Hilly Martinek (based on the picture ""Honig im Kopf"" written by), Til Schweiger (based on the picture ""Honig im Kopf"" written by), Til Schweiger (screenplay by), Lo Malinke (screenplay by), Jojo Moyes (screenplay by)","Claire Forlani, Eric Roberts, Emily Mortimer, Valerie Huber",English,N/A,"Germany, USA",Warner Bros. Pictures,275,0.28,0.0,
tt8396128,Pataakha,(2018),NotRated,134min,"Action,Comedy,Drama",,,,"$32,929",Release Date: 28 September 2018 (India),0,0,0,0,0,"32,929",28 Sep 2018,"Action, Comedy, Drama",Vishal Bhardwaj,"Vishal Bhardwaj (written for the screen by), Charan Singh Pathik (based on 'Do Behnein' by)","Sanya Malhotra, Radhika Madan, Sunil Grover, Vijay Raaz",Hindi,N/A,India,B4U US Inc,"2,306",0.72,0.63,
tt7645780,The Wedding Guest,(2018),R,97min,Thriller,,"$18,266","$386,166","$386,166",Release Date: 8 September 2018 (Canada),0,0,0,0,0,0,09 Jan 2019,Thriller,Michael Winterbottom,Michael Winterbottom,"Dev Patel, Jim Sarbh, Radhika Apte, Harish Khanna",English,N/A,UK,IFC Films,190,0.57,0.42,0.6
tt7549618,Bernie The Dolphin,(2018),G,88min,"Action,Comedy,Family",,,,"$10,178",Release Date: 6 December 2018 (Kuwait),0,0,0,0,0,"10,178",07 Dec 2018,"Action, Comedy, Family",Kirk Harris,"Terri Emerson, Marty Poole","Lola Sultan, Logan Allen, Kevin Sorbo, Stelio Savante",English,N/A,Canada,Lionsgate,238,0.57,,
tt5715828,The Aspern Papers,(2018),R,90min,Drama,,,"$9,277","$24,554",Release Date: 28 March 2019 (Argentina),0,0,0,0,0,"15,277",28 Mar 2019,Drama,Julien Landais,"Jean Pavans (screenplay by), Julien Landais (screenplay by), Hannah Bhuiya (screenplay by), Henry James (based on the novel by)","Jonathan Rhys Meyers, Vanessa Redgrave, Joely Richardson, Lois Robbins",English,N/A,"UK, Germany",N/A,187,0.46,,0.28
tt7952000,The Accused,(2018),TV-MA,108min,"Crime,Drama,Thriller",,,,"$1,526,439",Also Known As: Dolores,0,0,0,0,0,"1,526,439",13 Sep 2018,"Crime, Drama, Thriller",Gonzalo Tobal,"Ulises Porra, Gonzalo Tobal","Lali Espósito, Leonardo Sbaraglia, Inés Estévez, Daniel Fanego",Spanish,N/A,"Argentina, Mexico",N/A,698,0.61,,
tt6072502,The School,(2018),TV-MA,86min,"Horror,Thriller","$3,000,000",,,"$53,580","Budget:$3,000,000",0,0,0,0,0,"53,580",28 Nov 2018,"Horror, Thriller",Storm Ashwood,"Tessa Alana (additional contributions), Storm Ashwood","Megan Drury, Will McDonald, Jack Ruwald, Alexia Santosuosso",N/A,N/A,"Australia, United Arab Emirates",Vertical Entertainment,388,0.38,,
